cidoc-crm:P143_joined,targetID,edgeHusband,omeka-SRCID,cidoc-crm:P149_is_identified_by,targetName
23687,0087c044-ecbe-40a2-b265-1cb0d4412164,—marriedTo—>,25119,408b8a6f-294a-4a8e-af57-b703794f17ca,
24328,00d60a8e-d7d7-4115-9a93-c1947cc6b069,—marriedTo—>,25577,10c0f47f-825e-4eb0-893a-58b916fe588e,
23516,00f3c92c-0020-42b7-9cf8-bcfc85cd16ca,—marriedTo—>,24648,a5f42bcd-fd5c-46d8-ac36-b30fe2b2a6d1,
25841,0104eb37-948d-4015-8581-bee428e696ea,—marriedTo—>,24782,2a0f688b-17a0-4ab5-a370-c30d0bc085e0,
24131,015408dc-f458-4dc3-8d2e-604d9c602d77,—marriedTo—>,25641,423d58c9-dc44-4b4a-9519-224edf5269de,
24964,017af6dd-31d2-485c-8e89-4ef1b3c72f12,—marriedTo—>,25633,ee550fe2-1366-46dc-8478-4a4fc4a48c44,
23283,01ace0c4-2cdc-478d-8a0d-711dca32b2f8,—marriedTo—>,24865,16fae15a-2b9b-4db8-a9f2-44e3290bdfb4,
24390,023b6d84-0f0f-435b-8a4c-02233b81d8fd,—marriedTo—>,23589,d1d65240-e74c-4bc5-a1bf-7a297cbc9f8e,
24167,028825e6-fc74-4c5c-853a-5693d573330e,—marriedTo—>,24080,1cd8b9ea-99cd-4a23-a6d0-1fc7bb4e089b,
25101,029fd962-b146-4a11-9184-f21a800d8c52,—marriedTo—>,23005,2a5b71a8-1da8-4b47-a72a-ea230184f134,
25101,029fd962-b146-4a11-9184-f21a800d8c52,—marriedTo—>,23180,595e3ae2-bdae-4127-ba4d-7c67a227903f,
24266,02b5abfe-cb81-43a9-be1b-c1e12f0d6a00,—marriedTo—>,25849,03c9c85d-62bb-4b6b-8091-451975bf96f2,
24266,02b5abfe-cb81-43a9-be1b-c1e12f0d6a00,—marriedTo—>,23819,cc417d27-a2e1-4826-822f-29818252ac3c,
24959,02c3c0b4-49c1-49b4-a76e-e83dfff3c7f9,—marriedTo—>,25251,fa8d78ee-ba59-49ac-9c8d-31464802242c,
23753,0324f1fc-8f33-4986-bf7f-25c6ac3d22ab,—marriedTo—>,23097,be7dbb5d-c151-4253-9e9e-2b3a48f7c962,
23604,033388cf-5b91-44ff-ae48-a23c580c715c,—marriedTo—>,23458,7bc206a8-d124-41f1-b0ad-120d053d548a,
24676,038f77d2-a242-4eff-9842-00feb16a0b2b,—marriedTo—>,25121,f024050c-e0f7-4f60-987a-ec3ff750a34c,
23945,039500c1-943a-4095-b467-38d29bc27196,—marriedTo—>,23021,14c007a3-fd30-40cc-b1dd-174dd9d7aef8,
23745,03a8fb1c-8238-41c8-90ec-ef9d9c410e54,—marriedTo—>,25213,f7c7f0e2-be66-41a8-aea4-ba4ea8a49956,
24543,04f09eed-bc9d-4be0-b61d-88f71dcbbcf6,—marriedTo—>,25612,607f9603-2ac5-4725-81a6-080fc57c93b6,
23219,0509e0e8-ed99-4c2c-9212-a380b975b470,—marriedTo—>,24853,1bf71f6e-2276-446c-ac0a-9497ca5675ab,
25811,056767e8-e57d-4796-a35e-47f6386a026d,—marriedTo—>,24798,20dd611f-0394-4249-a523-3e66af6b6d0f,
25465,057a04ab-d78e-4966-93c6-e1b4474dabcd,—marriedTo—>,24824,c25203d1-0c10-4183-855a-a0d8d6c55d77,
24526,057d01e8-2462-45df-8980-cb1d3f5eea3c,—marriedTo—>,25828,a6934968-a47e-45ac-b0b9-908eb4343b27,
24752,059a037f-70ac-4464-b1e2-c3ca84681f10,—marriedTo—>,23003,4e9aa1a4-906c-401d-8db3-92464c16e8f9,
24331,05dcd030-d73d-4410-af23-6af75f5e6394,—marriedTo—>,25454,43185f88-eed5-42a9-8072-fb442a42a85a,
24659,05f541cd-5e61-415e-8166-8bae6d59a44e,—marriedTo—>,23659,2552b322-281d-41e7-ac4c-211f4c9b58c0,
25280,05f5ed6d-b340-4fb9-9049-5f917beb86ac,—marriedTo—>,25535,4108d3ff-4cbf-40df-9bf9-0de9ffeab9ae,
25866,05fc39bd-6649-423b-8198-2bc897c53472,—marriedTo—>,25164,fe5e9324-bbbe-4248-a060-8aea654b20b1,
24613,0657f939-188f-4093-8f11-ba65b7c6deb1,—marriedTo—>,25781,bf13e400-ebde-43aa-b0a9-1c04c2e2b725,
23294,066ad8e3-6ead-497a-b07f-46657223bccd,—marriedTo—>,24712,5a4b8ef1-f198-4a8c-927b-58d748ce5ef2,
23232,06763273-6e19-4660-90fb-2cb99f877bca,—marriedTo—>,25390,5de5c11d-ecfe-4aa7-97f8-568f23da0319,
25265,06c73cb6-2857-48b0-8652-bb53038eca79,—marriedTo—>,24085,b4edb5c0-f46f-49f9-a295-e1704eb22952,
24660,06cc4236-169b-4f9e-851e-8b092a0a63a4,—marriedTo—>,24805,52b111e9-0641-4fff-984b-ca35c7f81ad4,
25409,070b5a58-fb16-439f-bd80-71070167475e,—marriedTo—>,24289,6415df82-3208-4b32-81c5-e3324dd0ed04,
24433,0756c613-a49d-4fee-a70a-4265d97da1ef,—marriedTo—>,23030,4f7cd4a9-33b5-4627-b1bb-55b194e7b3a0,
23970,083e4705-620f-41d3-ab06-60f540395fcd,—marriedTo—>,23689,8f87bd22-60d4-4773-afa1-6d1080d5a4dc,
25459,0855a925-4fad-48fa-9413-e3395de2e47e,—marriedTo—>,24981,01987bdc-6426-4d3c-bfa7-59b9572a5687,
24220,0868a535-57c0-4b94-839f-f8618ba3062d,—marriedTo—>,24774,fe0d3d8a-79db-4770-973e-634061b9ebdf,
23518,0869a800-07e2-42ea-a7cd-8d3d26e47028,—marriedTo—>,24019,df268090-f9d7-47b0-b8d1-0ac5b00dc383,
23912,09066f8e-a1b4-42da-95b2-82ccfe3835db,—marriedTo—>,25268,ab1094a8-d2e3-47d4-8e02-e38035704911,
23912,09066f8e-a1b4-42da-95b2-82ccfe3835db,—marriedTo—>,25733,2326e60d-58ba-4909-9ccf-33de96600f47,
24107,095f80c6-0a6d-438a-8305-2043b83a8638,—marriedTo—>,24731,1d9ddf68-2987-4dfb-a419-1f1a442c3d64,
25854,0996a530-b3b0-48ef-b417-77e4ca7ed690,—marriedTo—>,23755,1760d0e8-87f4-48b7-81c0-e6328467f937,
25790,0998eb2e-7d37-466e-bf76-3b5422f304c7,—marriedTo—>,25075,418eb200-0ba8-423e-b3f9-69939a2d8aed,
23749,09f088f8-d2d2-4f16-8011-139efe196cde,—marriedTo—>,25065,138b4504-2a49-4080-9290-0e1d797fee81,
24665,0a81a30b-401f-47f7-9994-3b8bec3cbdec,—marriedTo—>,23006,5163e067-524c-45ad-a311-0f948f694f44,
23906,0aa4ef3b-5395-4f4a-8fb2-8647be354cf2,—marriedTo—>,23707,87170d7a-1342-485b-9297-69da1fe08d71,
24546,0af0667b-7877-4176-abba-0d28e83bb3c3,—marriedTo—>,25399,faffebcb-1164-43b0-8c1b-4943cfc1e81b,
24750,0b0d213c-6bb2-4c46-a633-4fd6765ef39f,—marriedTo—>,25513,19596029-8291-4295-aa85-9174c2c98da4,
24040,0b5416c1-3ecd-4b5f-9578-423d41ecb2d5,—marriedTo—>,23716,fdb61d25-5ed0-4327-998e-1d9e54be6bef,
24040,0b5416c1-3ecd-4b5f-9578-423d41ecb2d5,—marriedTo—>,23047,243792ab-5108-4d50-9dfd-0d3a2223c956,
25244,0c5b8fe1-9800-4b16-8d4a-3e7d7b5c1cd7,—marriedTo—>,24728,b2bfc62c-03a0-4f27-b1ee-3fe114a13ae2,
23860,0c6819de-99d5-403a-b1b4-7c9ac910b088,—marriedTo—>,24585,f4ce9770-2431-4f40-8a2f-3cae3fb939af,
23701,0c8b8c1e-439d-4bb8-b1ac-08c103144238,—marriedTo—>,25132,949723de-b8e9-4bb9-9808-fa4ae5f486b1,
25158,0d1b8ba8-8963-4870-89f3-b91fbfb5c9bd,—marriedTo—>,23040,960e91f9-75e8-4419-a600-d5e54db80ffc,
23089,0d906b2d-4578-4c6c-bdd8-97f49cf73d60,—marriedTo—>,23193,b163a22e-1207-4730-aae3-ce1cee7fb75f,
24675,0dad2a2d-c0ed-429d-ad53-f2a0eac22140,—marriedTo—>,25290,f2f24b15-3464-4d2d-984b-c9c30a72f8ba,
23336,0dbacfc1-072c-4663-8339-9d9ab5328ed4,—marriedTo—>,24821,9b8c2cb3-3a34-487d-9eb5-d8da4a017a1f,
23323,0e57ff3e-785f-4c02-a589-f10e1efd3279,—marriedTo—>,23868,8de135e8-9786-40ed-b638-182c9012f2ec,
25654,0e95fa5c-64b5-48d6-95da-a4d59138f8c3,—marriedTo—>,24900,792447de-2dcd-4f77-97d0-0391fed3f2df,
23429,0ecaf4e3-438c-4088-b5a1-15594cf3ab09,—marriedTo—>,23796,dbca0433-0d57-4594-b1e6-cbb6635a803f,
23706,0f4bd09b-70a1-4de8-b0bf-a2b76c5abbae,—marriedTo—>,25062,d332672c-6567-4124-bb7c-20f70f74ebf3,
25732,0f7c01e9-eaca-4f99-89fe-595266f23a49,—marriedTo—>,24366,bbb55ea8-9bb4-4020-9061-117ba7570ce5,
24529,107211aa-e808-4b14-a36d-fb1727a1284e,—marriedTo—>,25808,a60cb05d-b2af-4e1a-9ca0-8d19e870e0e4,
25069,10e5cf89-1432-48f9-b00e-6c3fb6a33d97,—marriedTo—>,25389,9474248e-143c-4c3e-ba98-ebcf5949e09a,
24398,11222489-245f-439c-a271-e0fd028015c9,—marriedTo—>,25456,003832cd-591f-41ee-b42b-a982e61e8d29,
25424,126f7965-2cb6-43fb-97dd-6a23b0ae7923,—marriedTo—>,24804,7b1025bf-6d14-42b2-af32-87351cafed0b,
25435,12ac716e-5c26-483e-af95-be3b48fe2fd5,—marriedTo—>,23798,626fc33e-559c-48ce-abc4-065151e3f751,
24839,12b13176-0d70-4fea-8ac9-d142db866871,—marriedTo—>,23048,25919037-acc7-4a22-822f-7669d7f382dc,
24839,12b13176-0d70-4fea-8ac9-d142db866871,—marriedTo—>,25616,60f9081b-6aaf-4ae9-9ad3-8cfb07cbea23,
24839,12b13176-0d70-4fea-8ac9-d142db866871,—marriedTo—>,23501,70a0c597-9362-41a7-968f-0a45ae1ba4fe,
24130,136d86e1-330a-405e-91a9-ea7305ed7851,—marriedTo—>,25321,19a2f7b3-6ad6-4bf4-8f7d-0beb7f1fabf3,
24130,136d86e1-330a-405e-91a9-ea7305ed7851,—marriedTo—>,25293,6581fcd9-ad9c-4efe-8a98-dddf0dd4cdb9,
23399,13eb06a6-4d02-4315-aac2-bcad5cd78420,—marriedTo—>,23775,e5f552dc-426d-4495-b86a-50ad49e1f490,
24269,140dd6e4-9ccb-4582-bae6-2813b2473be6,—marriedTo—>,25767,1311bb60-1a88-4106-a9d7-5cb2b5fe115e,
24536,1428cf89-9a3b-471d-9d18-597907209fd9,—marriedTo—>,25442,4604d1aa-7fda-4ab8-be73-8e4bac97fa19,
23928,146d9e63-06fa-421a-aba4-3371883b7eff,—marriedTo—>,23046,3871ad32-4e6c-492e-a1fd-a85d6d747343,
25882,14ac0455-e6f4-4e8f-bf3e-f7050fa4e4df,—marriedTo—>,25065,138b4504-2a49-4080-9290-0e1d797fee81,
24290,14cd24d2-143e-4eb5-89c7-ba189e9b2091,—marriedTo—>,23629,7b14e228-ae72-426e-968e-4b0838562569,
23750,151f70d2-b45e-415d-8622-061dfb0fd75d,—marriedTo—>,25757,0a87725f-f3f6-4b40-b372-cfe6587bc1f4,
24207,15269e6a-494f-4104-b96a-0a3d4194b02a,—marriedTo—>,23007,41e473e8-4ed2-4d4a-87f4-fa3f13cb7836,
23378,15355754-e048-4561-a39c-2d1c0da84be4,—marriedTo—>,25209,cd1aee19-e304-4cb6-a926-1659212a2d8b,
24952,169f172e-fb7c-40d4-aa7e-77751f6dd0d4,—marriedTo—>,25800,67cb5038-2c79-4167-b1a6-0d23bc315cd5,
24394,16b5b696-647a-472c-91c7-7023dd677e1d,—marriedTo—>,23580,03267065-45b6-4b97-9d61-fd61287e9dc9,
24394,16b5b696-647a-472c-91c7-7023dd677e1d,—marriedTo—>,23135,d86feb3d-d661-4c19-ae30-0519188b078a,
23549,16f7a65c-05b5-4cf0-b8e9-d54f2151a774,—marriedTo—>,24807,f0dd0abb-8f99-4fa7-a97c-75dcf5c2f3e4,
24885,17673802-5664-430f-979d-66b05b0097c8,—marriedTo—>,23998,5cda72c6-9956-4c54-b633-b254b7a78621,
23064,188d535a-1bd8-4f16-aef9-01d5bd339cc9,—marriedTo—>,24796,47549ade-05e4-4236-9494-d07a0d86aee2,
25660,18bfa1c6-2121-4497-b51a-194425bd4f79,—marriedTo—>,24799,aaa8dec7-5c5c-4424-a054-23440f38b282,
25195,18ebcdd2-bc4b-4adc-b0b3-2d5f6c800e63,—marriedTo—>,23987,5a7d8ea1-2a3c-43ca-8f70-7661cabfb119,
23222,190fa4c8-7888-407a-9e15-babcb2cfc7e3,—marriedTo—>,24439,1cf1a645-d07e-4758-840d-69cab6296c6a,
24291,1925ca9f-7714-46f3-b779-5ce1768d7e63,—marriedTo—>,25336,87b283e1-22c7-4b53-9f69-3a60e69ca122,
24923,1a28a0f5-7f19-41e8-9e1c-6ac09c9cf25a,—marriedTo—>,23933,b7fc6562-469b-4a15-9303-5c70160ec4e1,
23245,1a71b753-99d7-4b33-aba6-5afda58ab35e,—marriedTo—>,25040,4373b208-74b4-4085-be68-e10b2e3c5be9,
23717,1bd8187a-030a-463c-b337-c3275b8e65e8,—marriedTo—>,24777,d0fce926-5322-4152-a8ad-e6d2494193d0,
25579,1be7f7da-e556-4d84-8b56-37077aa38790,—marriedTo—>,25135,9ab597ad-3260-47e1-a6f5-08ac022c596f,
23680,1c73ea1a-46a5-4b93-853b-86061519adeb,—marriedTo—>,24197,d3ef795a-c73c-419e-8c07-7f6b5fce0591,
23680,1c73ea1a-46a5-4b93-853b-86061519adeb,—marriedTo—>,23627,7c1b126b-b12b-42fb-98af-29bc1f6cf88e,
25257,1cca88b7-e027-4299-befd-cc4ea46fe72c,—marriedTo—>,24186,1cdef422-2532-4219-a4a6-7e200ea31f93,
24887,1d9811bb-d6f2-48de-ab47-d05dbe34c3b8,—marriedTo—>,25427,5cc32461-b224-405f-965d-c45146c9f7b7,
24237,1d99f19b-6877-44fe-8c3a-87853820695f,—marriedTo—>,25411,f6cf186d-bc9a-4c2e-9111-76623e8a5fb0,
24626,1d9ee6d9-3ff6-4097-91e7-3bb10ec6c423,—marriedTo—>,25264,2c838e09-9749-4226-945b-a38712411707,
25491,1dc2cd44-9179-449c-b672-81fa767cbdc4,—marriedTo—>,23712,a3d49b8f-6ca2-452a-8b2a-d41a73b7abe9,
23278,1e09b542-5075-4c09-8386-26a67dc4331f,—marriedTo—>,25068,ed751e0b-6596-4dc1-87f5-45d04a46afdf,
24607,1e77f6a1-90ec-490f-8183-3e0efb843f9c,—marriedTo—>,23698,c8363f22-dac5-4483-a319-a41c6782e47d,
24321,1f6533e3-5f0c-4c57-b5e3-71cd90f07497,—marriedTo—>,25883,54f985fb-0109-45b9-965e-7a1f40ea89e9,
24321,1f6533e3-5f0c-4c57-b5e3-71cd90f07497,—marriedTo—>,24829,a9105026-28a7-446f-a3b3-e83e4c437cf6,
23300,1f886a05-405c-49e5-b660-dfa54b28f82f,—marriedTo—>,24791,b56c9245-62d4-4f56-aae1-e73cec496d76,
23059,1fc36760-2f9d-4b09-aae7-41b374926b27,—marriedTo—>,24825,d7f0b9c2-2160-49b5-960e-f22b3654709d,
23702,1fd9865c-c56f-4b29-8b97-c8bf4777d729,—marriedTo—>,24590,68004009-3989-45ab-a0b9-6db4ae372c97,
25107,1fe75e5e-4a72-4c92-b0c6-c84d5050877c,—marriedTo—>,25832,b4e1ebcf-5b3d-464e-94f7-adcd8bd30205,
25107,1fe75e5e-4a72-4c92-b0c6-c84d5050877c,—marriedTo—>,23993,087b4932-fed1-4ef7-9500-0c8182edd1cc,
24835,203b7eb3-503c-40ce-9a31-fdf7bd1d1319,—marriedTo—>,25536,ce4daa60-c1d0-4255-a430-963e76aa214a,
25776,20745f5f-1ea2-4423-92dc-18080b797c71,—marriedTo—>,23871,c56afacc-fa22-4d31-a7f9-377782727318,
23292,20ad5d17-2ba6-4715-94ae-2578969c2763,—marriedTo—>,24218,c55c3091-d33e-4cf9-9545-413c363ea3c5,
23899,20e944ff-6fa8-408b-a1ee-ca51d15a4d90,—marriedTo—>,23039,05e88f7e-c475-474e-981f-b94e77bb30df,
25684,2105699b-0713-4e27-b41a-9952747c1b7a,—marriedTo—>,24276,a422a418-7e26-4847-9bb0-ae2de608a43b,
23120,217ebc48-9198-4745-b7a6-8216be1a298a,—marriedTo—>,24148,cb27776b-2a62-4976-8033-eb44e673a983,
25764,21ced327-a5cf-4521-ba09-91f3d2ac72cc,—marriedTo—>,24015,85382277-6aec-4bc2-9c3b-978e04122c81,
25835,223c1d9a-480e-473f-93e1-c8e0ce0edcfd,—marriedTo—>,24196,a3e17c87-137a-4f97-b013-54c99d9a8a40,
23249,225f35b9-76f6-43ad-af23-80ae3ef0b701,—marriedTo—>,24302,13d8f601-0486-4522-96cd-c10275546538,
24429,228bbbf9-cdf4-4cc1-9bf6-c8e857c4c017,—marriedTo—>,23533,04d11860-6929-4227-99e4-23028eb55c61,
24455,2293a4b3-3735-400c-b1d7-7ccb4bd1404e,—marriedTo—>,23606,f4ad5a40-509b-4598-bcaf-30dce9cc86a1,
24620,22cc1c48-1225-4878-89a2-f1bc55d6225f,—marriedTo—>,23012,d01244fb-92c1-485d-9655-558327dfa9a9,
25650,230ec007-94a3-4199-9c07-08ecce986c80,—marriedTo—>,24022,60b584d8-3c42-40fe-aac9-36744fbb675b,
24674,242c7a60-e508-487b-83d6-fa482110cbc6,—marriedTo—>,23071,08b48cf3-cce7-4657-8332-2e059dbd6c4b,
24674,242c7a60-e508-487b-83d6-fa482110cbc6,—marriedTo—>,25670,982472cc-4af6-425d-8b4e-600c13312ee9,
24861,24cdd68f-7a48-404f-b233-011d90bea9e5,—marriedTo—>,23620,5d13c7bf-cf75-4f89-81c4-46cb1e927c04,
25355,2528f0ae-8b57-4120-bba4-96d11f45b625,—marriedTo—>,24714,9aeeb9a8-2b5e-483d-8826-ec1788c681d5,
24914,257599c6-a755-4b6b-8dd0-391e68f6fb5b,—marriedTo—>,25368,c644e9e6-9c19-4842-ada7-6e9bd866f0d4,
23455,25b64152-ec7a-4c8d-967d-d1a150cff585,—marriedTo—>,24818,41a4d8a5-8419-4f0f-8787-a42d154c573b,
23672,260feded-7e57-4198-8d96-999bb90a76c6,—marriedTo—>,24782,2a0f688b-17a0-4ab5-a370-c30d0bc085e0,
24274,269574ec-063b-46b8-b8a9-74b48274ff06,—marriedTo—>,25639,7f19ec94-bcd1-49c0-8451-1b69d267559a,
24274,269574ec-063b-46b8-b8a9-74b48274ff06,—marriedTo—>,25848,3927b422-e327-48c6-a623-22c328595233,
24950,271ffab6-aa40-465c-8e23-93203f11a771,—marriedTo—>,23579,2fc6f5fb-23dc-4b1d-9eb4-46701fbdd8ff,
24104,276d0c2d-10e4-438b-b87f-6cf3675cd150,—marriedTo—>,23609,f37e866a-394e-45b5-b904-6e006caa0896,
23204,28379a71-a06c-4fe9-a544-9d3ef8da6079,—marriedTo—>,25064,a4b58e22-93e0-418d-8c2f-ee571d4bf23a,
23630,2919abce-7f87-4410-9ba4-c4c3badf5470,—marriedTo—>,23905,015dbdd5-2c35-4d1f-808f-b07a4c08c3fa,
24848,2931a1b4-7519-49cd-9b3d-dd2100d1f028,—marriedTo—>,25606,3918a8ed-3761-4ed7-99a2-6a3f58c999bd,
25528,293c9e33-7974-435a-92f4-d9572893a0a3,—marriedTo—>,24800,dc6021d5-f926-4182-8b78-6939756b9c54,
24424,29f46975-756a-4af8-8f30-6dde99c111b9,—marriedTo—>,24199,24fc42e2-d7f1-42fa-a30b-a4fd311f1416,
24103,29fd3dd1-36a8-435a-bf10-e5dad69e5b68,—marriedTo—>,23192,e7c306d2-acbd-41c3-823e-60057831e6f6,
24327,2a06fbe5-a9ee-4a6c-9004-6ada6c0e8957,—marriedTo—>,25275,0a755ced-7e64-425a-b868-662cb5dd0780,
24889,2a2a2088-37eb-4555-9f5b-55ab984b312c,—marriedTo—>,23849,605db703-8ccd-42b1-aa80-10cdda923d7b,
24069,2a3cdd24-26c5-481d-85f6-b367634769c5,—marriedTo—>,23550,c02003bf-626e-487f-b1c4-867f54ed716e,
24069,2a3cdd24-26c5-481d-85f6-b367634769c5,—marriedTo—>,24180,41f345aa-74bb-4d45-8bbf-fe9c2befe716,
23770,2acedfc0-82f7-4e15-b37c-8e158b898cb7,—marriedTo—>,24566,3499914f-6d43-4dae-ac9c-88ba83d2c677,
23142,2b24bf29-4bd0-46fa-8f69-ddbb7262ae34,—marriedTo—>,23002,27958a94-436f-4d83-bd94-793985fb620a,
23142,2b24bf29-4bd0-46fa-8f69-ddbb7262ae34,—marriedTo—>,23032,42232586-1b9c-4852-83a4-47a5addf0ab5,Gironima Spinola
23142,2b24bf29-4bd0-46fa-8f69-ddbb7262ae34,—marriedTo—>,25716,70e5174f-e17a-4acf-8821-37a4aecd022e,Maria — 
25806,2b56afa1-70aa-46ae-ab2b-f36b55d14453,—marriedTo—>,24362,040f15f2-ae77-4307-b98b-3196a675831c,
23799,2ba3df00-a217-4762-83d1-693905bbabbd,—marriedTo—>,23476,b302736c-76f9-4bb9-98af-2ef516eea0cd,
25410,2bbe68c9-3e12-4117-b1af-26b2311eccdd,—marriedTo—>,25198,aa108c95-177f-40c2-9b60-d5e352dba629,
23972,2bef7b36-045e-45be-93fb-dab6950a4f24,—marriedTo—>,25736,76fd97e1-3587-4c0a-811a-ad55de57cf29,
24857,2c670fbc-56fc-4976-87e6-82d51d72a9b3,—marriedTo—>,24261,abb9d253-bab7-498f-9e74-6d605f8bdd65,
25022,2cc1be33-1085-403c-b90f-b19e3907c8b4,—marriedTo—>,23049,8a80ccc0-6449-4e4c-93ad-b1dfa53d5ce5,
24037,2d00a10b-a19a-4e34-bfd2-5a24c0eb617f,—marriedTo—>,25253,ccb71fff-1b5d-4e75-824d-80c87b89d253,
23679,2d02cc99-943e-4bfc-b120-ae427fb1f460,—marriedTo—>,24807,f0dd0abb-8f99-4fa7-a97c-75dcf5c2f3e4,
24410,2e2199a0-5895-44b4-a7dd-5a3f9c08c4a3,—marriedTo—>,23315,922e0f97-6693-4dfe-8ebc-7a0f520c69e2,
25602,2edb8f6e-70a9-47d2-a983-da86a704461c,—marriedTo—>,24144,acfb46d3-53fe-4f09-985e-f12f9c0657bc,
25492,2f7c563c-3470-4ec7-8a9e-7a11cdb0bb31,—marriedTo—>,24669,664be104-4263-44d6-8dbd-4f782f044e88,
25484,303e4d37-0b96-4264-9959-6bcdc508b541,—marriedTo—>,24995,f889c4ec-0c22-48eb-adb9-bdcad802597e,
23459,3073fd4b-5a2f-4720-a74c-c8790efaef8c,—marriedTo—>,24827,edbe2682-6c2f-4e53-98ff-1f4c7dbca3c4,
23512,31ab23bc-9793-4277-8aae-6e138a932e23,—marriedTo—>,24578,f5dbbb05-b04b-474a-bd60-cf5508227726,
24329,3219f00e-b96e-4210-99a0-50f2ae47a313,—marriedTo—>,25407,08247da3-5311-4bd0-9d9a-9be30b6ffd19,
25711,3336bbc0-66d2-4488-99a7-96ea95ce57c9,—marriedTo—>,25312,54343ed0-11a3-42c3-83cc-71e2478bae5c,
24599,333c7e82-ded8-4e17-ba87-455804430f3a,—marriedTo—>,24086,dbfaa35d-504e-4d21-9fbe-95b57dde5b13,
24484,33948222-443e-4147-967b-887c28b0939d,—marriedTo—>,23412,7c8c729b-e33e-4216-885a-9c172fd4d8b6,
24892,353b8a1f-6014-41e4-8b64-352258d49469,—marriedTo—>,23856,8dd82080-f98f-49f6-8a0f-3b21bc842281,
24892,353b8a1f-6014-41e4-8b64-352258d49469,—marriedTo—>,23377,c5ba68d7-5619-4111-9151-88e280ae6f79,
24409,35590e24-6450-4bcd-ab10-e38d62277bec,—marriedTo—>,23218,6e7cce69-468e-4cb5-9b12-999ca9c9de22,
24409,35590e24-6450-4bcd-ab10-e38d62277bec,—marriedTo—>,23704,b20761a6-e68c-4a3a-9a26-d2c9a29e3fd8,
23649,36171446-8093-44cc-a589-27de759c2dd6,—marriedTo—>,24065,a2ce3ce8-0ec1-49a9-9d66-f0a753a5fa6b,
24287,366bfd75-4e96-4e0d-ad01-c80f928c2e0b,—marriedTo—>,24155,c08335fe-9227-4fb5-874a-a8e43795e0a4,
23615,36d25913-2ba9-4e97-b83b-7306473b84f3,—marriedTo—>,25212,2310c609-c2a3-4c73-bd51-aea763f1966b,
25396,36f38f1c-5035-48b0-9b22-c1fa555822c2,—marriedTo—>,25038,873033e0-2e6c-4ac1-af54-3f17a798e993,
24864,3709e0bf-b2f6-4ed1-8716-fbd3f4ac0d2c,—marriedTo—>,23660,f47e78b1-fccd-41cb-9ef0-4307a5cefbae,
24864,3709e0bf-b2f6-4ed1-8716-fbd3f4ac0d2c,—marriedTo—>,23285,5c5b9487-4c9f-4ba6-ac34-dbc80c84c1a9,
23974,37b58897-1c03-46f9-9ef9-246e09b8cef2,—marriedTo—>,23818,dadc983a-ee66-4b7c-a5aa-9cbf9379d551,
23974,37b58897-1c03-46f9-9ef9-246e09b8cef2,—marriedTo—>,25286,f85db74b-9d9c-4766-9691-a27de077a5c3,
23974,37b58897-1c03-46f9-9ef9-246e09b8cef2,—marriedTo—>,23367,f8ba15d1-1bf7-4d4b-a6b8-678f61d828b4,
25628,37be9914-b186-4ac8-8100-d2e8ee820392,—marriedTo—>,24586,4364d55b-99d6-4b5b-a9d7-f1dd97f4cd4c,
23178,37e8fbc5-bdf3-4c0b-8bad-f7eafb4763df,—marriedTo—>,25495,9b8f1d38-0c49-4b67-b1c6-f11c72ded7cd,
24434,37f1c1ed-2524-468d-9a40-56578e035e02,—marriedTo—>,25384,030b42d1-3b50-4830-94da-5d146ba85eed,
23851,37fc4af8-2228-4c15-816a-0df080425250,—marriedTo—>,23988,08bf3d64-1895-4d7e-9fa0-2267e69fcb34,
24205,383f1a9d-bcc6-4568-bcfb-cd6f2285e9f6,—marriedTo—>,23070,29a91ac5-2592-4711-b342-d23823c0ecbf,
25802,386c1e02-d10b-47ff-ac30-ea8e9fb6869d,—marriedTo—>,24444,c5445d45-4ec5-4aca-968d-351bc002e887,
23123,39947a34-30a1-442a-a91a-2804bfc2c34c,—marriedTo—>,24786,8896ddba-292f-45d5-930f-1a9a422e69b5,
25231,3a52accc-8afb-4924-91c9-2df3c4940873,—marriedTo—>,22995,99325117-67ee-45e1-8dca-8e8bcc8ea219,
23130,3a563154-1803-4715-924c-ef9900a820d3,—marriedTo—>,24588,1e45cc85-b3bd-48ad-8436-7beb2c507c74,
23325,3a6a403a-836a-497e-8d68-208472db9b6f,—marriedTo—>,23771,2a065cd3-ae05-4c9d-82bf-05efd13e28f4,
25202,3a860bce-7a1b-4877-9895-00a02a2cb8c7,—marriedTo—>,23042,f447cf9f-24c6-410f-9b9f-0b65661e0af8,
24435,3b0f103c-0a17-47a6-aa99-a023c510c1b3,—marriedTo—>,23995,e003adcc-f5af-4239-8855-4b0d39bd2b62,
24435,3b0f103c-0a17-47a6-aa99-a023c510c1b3,—marriedTo—>,23221,83152b76-fd9a-4727-a23a-75040836dba7,
23747,3b4e5737-c1b5-4465-accd-0d7056659f8c,—marriedTo—>,25147,68f3e18b-2b79-4352-a56e-62d64766d786,
24719,3c6bd2f6-0da3-4ed7-8017-19bff8b4d649,—marriedTo—>,25771,43c16887-63e0-42d2-ad06-ba7c79a140af,
24418,3d04afc5-cfff-4714-ac72-f99889b1035c,—marriedTo—>,23485,2463926e-01d9-41f5-9aa2-87f0f1b4ee55,
24418,3d04afc5-cfff-4714-ac72-f99889b1035c,—marriedTo—>,23241,ef1d7ad2-daef-4f16-8c1d-95125a0f881d,
24418,3d04afc5-cfff-4714-ac72-f99889b1035c,—marriedTo—>,23611,1a473c17-2a15-453b-814c-dfa8f92429a8,
23816,3d3536ae-7c84-408e-b1b1-65ea9840d0ec,—marriedTo—>,24722,6c368341-05c7-4c5a-a288-620806de1336,
23805,3d3a4c8e-ce7e-440f-8fa6-bd85200d6242,—marriedTo—>,23193,b163a22e-1207-4730-aae3-ce1cee7fb75f,
24071,3d758821-0ec2-4690-85ff-17af0d014510,—marriedTo—>,23530,2c63eeda-fefa-4416-a57e-4f484f27d236,
25284,3e563cba-534d-4a33-8e8e-8d653c06f66f,—marriedTo—>,24277,cb69cabb-026c-49a3-9038-02f395abfd72,
24559,3e57fa70-dc83-4eae-97e3-7984915bcdca,—marriedTo—>,24937,7bae2620-0b9a-405d-8257-566c1600edfa,
23890,3e5f9e0d-849a-4687-8431-37e24a383491,—marriedTo—>,25847,0db30427-8b7e-4fac-b2b4-71381b0b9082,
23138,3edc127c-a767-4bc7-9a4d-4cef04f4e30e,—marriedTo—>,25462,dc82fb86-7c03-4512-89e9-0bb2867ce554,
24267,3f2039d9-b591-4fec-99ca-801e807d3c03,—marriedTo—>,23483,1c16e949-db54-4f10-a2a0-8222a02f99b1,
24267,3f2039d9-b591-4fec-99ca-801e807d3c03,—marriedTo—>,23271,8798fbba-f158-43aa-ab83-f83e4ac6c5e1,
24087,3f5db476-2a1c-484e-9861-c11f0af70c1b,—marriedTo—>,25414,d95b3d2b-dd50-48ce-97a8-59955adfb2bc,
24918,3fa24407-475e-4809-8f45-439cdbe57b7d,—marriedTo—>,23638,de95dad9-6a5e-4956-97b3-23f2bf20825c,
24525,40223876-8612-4d05-9202-296385ff12e7,—marriedTo—>,25552,fb844a13-42fb-43c8-ad5b-e45026972d4e,
25013,40c174c0-f989-42bc-855a-6579e47215f5,—marriedTo—>,24806,fb04420b-cbaf-411b-9eb1-55ce9428b3c9,
25696,410b7e48-3a50-411e-ac21-237729cd438f,—marriedTo—>,24780,39b2b41e-0803-4985-83f2-089d7df03b50,
24341,410cc170-cc8f-4fd9-8ab4-5339ecc8a9f7,—marriedTo—>,23486,cd198268-ff76-439d-bbbb-15568f29c268,
24534,413d03f2-0dfb-49a7-b641-4839151643e5,—marriedTo—>,23206,c70cf9f9-a298-49b3-804b-a4e96939b64c,
23800,414eb458-2d9e-4aa5-ba00-267ad4725c93,—marriedTo—>,25717,0d666197-b78c-4626-9369-3ed943da7d34,
24908,4215c9ee-97e1-42bf-9111-5d061ce64770,—marriedTo—>,23736,3963b642-9cfd-47f1-9a7a-9a8fa79edfbf,
24419,425b1847-9213-4834-a447-ac07f739488b,—marriedTo—>,24767,3f541ab7-1a39-407b-84b0-b4dbb24c7e0a,
24602,42831905-0824-415b-990b-ec1743169066,—marriedTo—>,25683,887e8d98-5502-45d6-989d-7df50eb8afed,
25159,42bc7a56-6564-42b7-89aa-582c10a99fa2,—marriedTo—>,24324,7b081d85-01ec-413f-ba73-1af0e1721335,
24305,42da440d-580a-4a32-8eeb-b1c273f35c48,—marriedTo—>,23597,188dd02d-884b-436f-81ec-8439df32e3ea,
23317,42f3da80-9738-4b66-8927-7fb845c60c6a,—marriedTo—>,24633,308f0501-961d-4a85-8b9a-3d69df029990,
23111,4317f2e8-1645-4ef5-a3af-3ec98b4bb7dd,—marriedTo—>,24739,1721fba4-25ce-4aee-beae-a7377529a8c0,
24128,431b0fe9-5551-4797-88d8-84fef0fdc19c,—marriedTo—>,23083,c9d11660-9fc8-4c28-b1b8-d4613650f36f,
23763,437c0fc4-861e-4333-870b-ce5116e11246,—marriedTo—>,23092,bac3b170-437e-4d00-ac2d-6697367cb16e,
24845,44cf8d8d-9c52-43f3-b32f-845604c7c856,—marriedTo—>,23535,5ed3ead9-872a-49a6-9798-9eb4797dde4f,
25480,44e0474c-473b-4f00-bbb6-2408200712ce,—marriedTo—>,24758,53b4868f-53ab-4511-8125-cf7d77c4a7c7,
25106,456b9455-26ed-495d-8cfd-bbb66dcee5a1,—marriedTo—>,23411,1584a588-8d66-4b09-93b9-e3f154b67962,
23061,459f7de8-62a0-4005-8ca8-ba63e4f48678,—marriedTo—>,24020,b39eb52e-b4ca-4afb-9796-5b6c9498ffaa,
25273,4615ad33-b890-4269-a63a-030d8dfb6c13,—marriedTo—>,24171,7cbf9abf-fa01-4cb3-a515-de9033946456,
25503,46356580-ce84-420e-b3fd-e06fa0d7a90f,—marriedTo—>,24591,4a9caed7-6339-4bab-9aa5-dbfbd32e31e9,
24027,471745b5-32d6-4528-ba28-921bc2306644,—marriedTo—>,23852,e965213c-49e9-4f55-9aef-16cf4736243e,
25567,47e5065c-c6a2-4920-81be-4e1979788aff,—marriedTo—>,25456,003832cd-591f-41ee-b42b-a982e61e8d29,
23423,485fa37d-91a1-4e6f-ba9c-36841c1190a0,—marriedTo—>,25131,35b56b71-4095-45ec-a0ab-240fdec702ab,
25348,48f2b7dc-a816-441f-ac42-e30451601d61,—marriedTo—>,23097,be7dbb5d-c151-4253-9e9e-2b3a48f7c962,
25308,4953ab7e-40b5-41d5-ac0b-d4f8cddf4de1,—marriedTo—>,24996,fe87270e-977f-40b0-b45a-c16739ecd070,
24010,4990db49-1500-47dd-8a97-0e86573ec128,—marriedTo—>,23353,39695fac-9ce5-402d-a1d7-1d65ae430125,
25710,49e46682-19e6-446c-99ab-de8f845149b3,—marriedTo—>,24117,293e4b96-e3ce-426d-8a4b-ed0fef80d3a7,
24913,4a2d35d0-7f7b-4ce5-8e34-4720b833fb25,—marriedTo—>,23364,b2b96b56-fbbe-4f0c-9e6d-7324c9df69df,
23861,4a3a5c74-48cf-4b9c-9612-ac4103c02208,—marriedTo—>,24789,5320dff1-c321-4496-ab86-9ff931bd0a20,
24250,4a8a3a97-2b1a-465e-9132-cefc5a52e7d1,—marriedTo—>,23244,3fc93356-33ed-46af-961a-1d9fb5bde070,
25429,4ab8bc5d-033d-4d46-818c-44d9951ba3e6,—marriedTo—>,24803,0be1c613-1083-4773-877b-886d414f3169,
23780,4b09dc00-aacf-41f7-8235-967a548456a7,—marriedTo—>,23696,445e43d3-098c-424d-8417-1ca412e62040,
24024,4b2eb749-1405-48b3-b7f3-2fcc56239838,—marriedTo—>,25631,5de5c11d-ecfe-4aa7-97f8-568f23da0319,
24024,4b2eb749-1405-48b3-b7f3-2fcc56239838,—marriedTo—>,25390,cf22a524-23db-40ce-b3ef-39d183551667,
24018,4b3efa15-7d48-4431-bcc3-25ddbbb7ad04,—marriedTo—>,23665,cb322175-cba1-4717-9c9b-6cb020385a6a,
24018,4b3efa15-7d48-4431-bcc3-25ddbbb7ad04,—marriedTo—>,23508,49ef9868-5ddc-4fef-a64f-4031348ce4c6,
24756,4b645bfc-bb9f-4e0d-a64d-6031981f8bfe,—marriedTo—>,25629,f0832368-d4f7-4a89-966a-210144d3bdf3,
23915,4b66d7af-a4fc-40f9-90bb-4f6ffb39e693,—marriedTo—>,23050,5c9d7cbf-dcab-4caa-99fc-672c97273134,
23380,4bb57a63-affc-4940-ad22-734a7878ccaa,—marriedTo—>,24124,de1d0361-4c5d-45a3-8865-26c1b9d9e462,
25100,4bb62984-a35a-4546-9c03-38f6ab7df61e,—marriedTo—>,23304,969c4523-88f7-4160-9643-5848b108d29b,
24514,4c8510c4-ee5e-4be9-807c-eb336dc4cd54,—marriedTo—>,24185,54e9c0b8-b56c-4bf9-8d17-cd3a73853821,
24499,4cba9c7c-f83f-4d50-ad1a-c0c58cd15516,—marriedTo—>,25218,725bd425-d3bb-4c67-bb6a-3deb20bf7031,
24485,4cf226b9-b665-414a-863a-cd95006a7819,—marriedTo—>,25742,2572e1d7-8a62-4ccd-a0c3-2e6f4e508c1b,
23389,4d300555-79dc-4b55-84df-fa4cfdcdd2ca,—marriedTo—>,24785,68994ad6-961c-459d-afa2-2767366ed84a,
23389,4d300555-79dc-4b55-84df-fa4cfdcdd2ca,—marriedTo—>,24584,aae5bd59-ed04-46c4-8aec-44c85b6d820e,
25080,4d44a67c-c9b6-4dca-a113-409a78788743,—marriedTo—>,24145,d3f903cf-abbe-4282-959f-941569f55dbf,
23957,4d6c078a-b041-401b-82ba-4cd06f85d029,—marriedTo—>,23654,5c87df2d-9a2c-4b6f-88eb-7f3aed5633c4,
23957,4d6c078a-b041-401b-82ba-4cd06f85d029,—marriedTo—>,23288,f5b7d282-f214-4659-8e09-d5af4ecc49a3,
24459,4d6c34e2-2cee-4298-808e-2618f783cd2d,—marriedTo—>,25569,5bda94c8-8c15-4f10-91b0-d920f301ceee,
24754,4e2784fd-fd9d-4f8a-94c8-bac3bdba1d09,—marriedTo—>,25745,d022ca07-d7e4-4852-a4f1-9b2cabaf96d3,
24754,4e2784fd-fd9d-4f8a-94c8-bac3bdba1d09,—marriedTo—>,25877,147aeaa3-8e9d-4486-a097-098dff9f624a,
24492,4e5aec85-016a-4c68-9d4d-259dd0333dcf,—marriedTo—>,25485,084450bb-8f90-4a3e-9c0f-fce8fe02dd5e,
24492,4e5aec85-016a-4c68-9d4d-259dd0333dcf,—marriedTo—>,24810,f521a4dd-62dc-4c61-88c1-d3505c65ab38,
24273,4e6b79bc-d87b-4288-a639-143a02dee20a,—marriedTo—>,25740,dc0f85f0-3c95-401a-84dc-29e7fae5ec25,
24273,4e6b79bc-d87b-4288-a639-143a02dee20a,—marriedTo—>,25246,0818d587-9bf5-487a-9035-7cc389b6a012,
25250,4ef5c74f-9468-429b-92af-948bbd4acf77,—marriedTo—>,24358,616e9f5d-ac97-4ec6-883f-360088916185,
25023,509c497d-7d14-412d-972d-fdc941cd8cf4,—marriedTo—>,23106,314c8177-969d-4d4e-bc09-4c3e2712f468,
23456,50a2dd8c-5de9-4b50-97fb-b0f415624f99,—marriedTo—>,24935,46a05ca8-f444-4fe8-9bbd-adc0d679243c,
25204,50aba33f-3f24-48b2-9345-c4f4b3decd6b,—marriedTo—>,23610,62db3d53-61a8-440b-9acc-8758eaa0396e,
24133,51226acd-b6bd-4a4c-8859-6784ffef1274,—marriedTo—>,23029,e78beb8e-6df8-4f09-888d-a952742368a8,
25470,518c3e43-d212-433a-b726-9ac84850ab44,—marriedTo—>,24797,85961d22-f0b7-486f-a84d-eef0387cd9cf,
23498,519c529f-e0b6-4e09-b45c-183870157973,—marriedTo—>,24723,8f60d1bb-8d25-4a0e-8790-2a7397ccaf83,
23488,51b516c6-6291-43fc-a52f-ac4948279a49,—marriedTo—>,24727,4dd19e2e-c1b5-491d-95fe-ead80d574862,
23495,52277d20-e80d-4f50-b43b-aa69df2069ed,—marriedTo—>,24787,18cfbddf-3826-4ef7-b367-a04e67cc325d,
24209,5241eadf-369b-4320-b577-26c7e3d3bf0a,—marriedTo—>,25471,5ccc6f4e-d50d-4574-a06c-c12a2a2b31fa,
24539,52bb2afd-118b-4209-a94e-2316b0123dd0,—marriedTo—>,24150,cb9ccc03-acf2-4f24-9beb-8218f459d3fd,
23801,52e7ce9c-a2eb-4320-93e0-397b0728c596,—marriedTo—>,23094,8331d4c8-7096-4ee1-ae13-95f3c41d9b74,
23618,52ee2d67-09bf-4084-a39a-0c75ddbef05f,—marriedTo—>,24911,cd99188a-8331-465e-8ec3-54016b573c53,
23632,53a8a62f-6793-4054-a5cb-8a393b76b35a,—marriedTo—>,24626,1d9ee6d9-3ff6-4097-91e7-3bb10ec6c423,
25360,542f9317-4358-4e6d-9853-e57d3532c7e8,—marriedTo—>,25233,9532e7ae-77ad-49c2-93e5-60f9f98af1e0,
25657,550a5c98-ad2b-4b7e-85cc-d4b8f47f32f9,—marriedTo—>,24738,8dd77db0-bd4c-4b7a-adae-6cf572a35732,
25645,555f0517-6875-48cd-b2d3-284d95a23708,—marriedTo—>,24082,43fb4304-548f-4418-b7f3-1901adad32f4,
24945,55eebbf6-6580-495b-a48f-23d5e2383292,—marriedTo—>,25825,3eb90695-ac06-43b1-ac58-ab99638697a7,
25556,560899f0-0b61-47ff-b37a-55c0d2fbc771,—marriedTo—>,24214,1ef01fac-1d75-4a01-a9dc-9311b1bdfe31,
24088,563288d8-efe6-46fd-8b70-9c443e339c41,—marriedTo—>,24571,4f7a073b-5551-4233-9f01-5ddd8991e3f2,
23195,564cfc6e-4b22-4b79-9aca-4d22049b877d,—marriedTo—>,24820,6c07944a-c835-4f6e-9fe5-4fb7315c6284,
24127,568cebbc-6e76-47ed-9d3f-1141fa489876,—marriedTo—>,25292,317196c2-6588-451d-9b0a-3678dd1fa08b,
24519,5696ccb9-c892-47ee-9057-3a9f5f1638c2,—marriedTo—>,23729,594748a8-9964-412e-b80a-19de1e41c0be,
25175,56d7f9d7-bace-4980-9dda-29c6999c25f1,—marriedTo—>,23177,07a92e65-4222-432b-84d9-0daea191322f,
25519,56dc6a59-e7dc-4f47-86e1-e954a8254fdb,—marriedTo—>,24817,ae8ef007-d057-4d6f-af19-388d2784a171,
23962,5743688b-fd25-4732-8581-99f5f9e93bd4,—marriedTo—>,25249,308d7858-05c1-41dc-8ec4-ccd49b7e03dd,
23682,57450bfa-be0c-4080-94a3-5ac616e65318,—marriedTo—>,24645,eba72449-ce2d-4d80-a5d7-8af7f98e084a,
23330,584f1f14-4e93-4b77-a136-845d25b7a895,—marriedTo—>,25532,3e632c3a-3c81-44b3-89c1-0c5d0da82806,
25221,5880c17d-8bca-4c8b-b703-dd695328c71e,—marriedTo—>,23075,71760824-7560-4f3a-83db-ba5a00c2ce89,
25052,58f2223d-e4b4-4129-b3ef-f877adbe2557,—marriedTo—>,23804,e55afa90-d4ce-475f-8f04-318f3a4e0f1f,
23311,58fa229c-73e8-4032-9156-0e37049db518,—marriedTo—>,24768,d3f7d60e-f238-4634-8915-5f730729a917,
25353,59a9c70e-8e02-4855-92a6-4bd90a2e9376,—marriedTo—>,24709,e57592a9-b868-4a43-907a-ab7afd040107,
25559,5a77d2b8-747d-4a25-9798-a68057e0384f,—marriedTo—>,24855,3c00f2ec-7742-4653-ab75-bc07f8dca796,
24468,5aaec571-5df7-4ddc-97ed-1b2c72284215,—marriedTo—>,23670,26092784-9d05-4110-a2d9-7fbc203475ea,
23657,5ab9820e-c68f-45ed-bdf8-34f86708c2db,—marriedTo—>,23148,ba243a8a-b282-48e3-86d6-f90fdb7ae1f5,Maria Camilla
23746,5b40ec7a-fbd0-457f-bbf7-f604a089fb9b,—marriedTo—>,25124,d592c508-a55f-484a-9c49-a5b4a9b5b2d1,
24898,5b8c1e3c-2d93-44ad-80e1-c955c91935d9,—marriedTo—>,24064,902243cf-9780-4d04-8fcc-40478e569ebd,
24898,5b8c1e3c-2d93-44ad-80e1-c955c91935d9,—marriedTo—>,25302,01062458-2b94-4c01-8848-ddf702143bb6,
25361,5c3a93e1-c9a3-4d02-b48d-30c751be08ba,—marriedTo—>,24175,b8f069ef-81d9-4cb5-8cb8-eeff2c931a9d,
23824,5cb84df3-f441-4c32-8ea3-99d3446f00f4,—marriedTo—>,25144,a9b3f8a7-2ca9-4b83-9785-b94d2371fadd,
25622,5d162962-4ae4-4b69-8a15-3889dc70b08b,—marriedTo—>,25099,558b52e0-f1ff-43f6-a7c3-f3750b6ff50f,
25193,5d6a2d8e-128e-4426-8df8-64c4baa63b09,—marriedTo—>,25316,21a199be-1dd1-4cc2-ac70-823ea1c1bb9c,
24204,5dbd7872-ba51-4163-b820-e5132a99c9e2,—marriedTo—>,23257,90105f45-fa20-4f9d-adfd-027fda15f456,
25590,5e093237-f2b6-4f19-8a52-75fb7bf3ce2e,—marriedTo—>,24041,c7022705-4e6a-4771-9c0e-c7d21f5f1e6f,
24698,5e208823-daf1-4c24-9eef-8c416bb8b241,—marriedTo—>,24976,36efda92-18c3-45b3-9a3b-68e9f87b2d16,
24698,5e208823-daf1-4c24-9eef-8c416bb8b241,—marriedTo—>,23413,dcad4e0b-e660-45a7-82ac-02d274890b69,
25351,5e7728eb-daaf-4931-84da-1dbc176ff5f3,—marriedTo—>,24271,47ce77c9-4036-4bcf-a8d3-355d44b612df,
24230,5ebb1c52-52c0-4494-80a3-1787f0899fbe,—marriedTo—>,24404,179f2c2d-cfad-4f04-a34c-c545ecfdaa81,
24513,5ec1d30c-f4ab-4057-87fe-1ed61d64a651,—marriedTo—>,23514,62b83292-8f07-4d6d-974c-713fc1ea392f,
25599,5ec6710d-47dc-4178-a1e7-198c9d478d6f,—marriedTo—>,24051,b8b9abb0-1050-42fd-941a-b377e06126ae,
23828,5ed362ce-1368-48ae-9926-db9c84aff712,—marriedTo—>,25142,fd0267e9-fb60-4aad-b892-74157b6743df,
25328,5f5ce764-4f33-4170-badb-40ea8bd27a44,—marriedTo—>,25138,0b2eae5d-246e-4429-885c-ceed669da5fd,
25682,5f7fac4a-cebe-469b-97d5-4379e231106a,—marriedTo—>,24178,03b4ca0f-beee-408e-aa54-e1d9cba8b1ee,
24426,5fbc2f69-94d3-4cd2-b1b1-ff6f58d11f9f,—marriedTo—>,23344,e99871d8-2e70-4f66-bfdf-1c87358809c3,
25346,60274f57-b408-45bb-8a2c-5251963ef180,—marriedTo—>,24374,4088b982-a9d1-4ea0-801c-54c64e9639e2,
24070,61286303-0597-4e2a-a60d-32a418899142,—marriedTo—>,24177,5401b970-19d8-4879-afd9-9424d1366c0a,
24522,6134c06c-a0ee-4203-a2bb-bc25b6fda9fd,—marriedTo—>,24283,4b49f63a-c877-46e3-beba-d2c86e508fe1,
24690,617f1182-cd15-4440-b069-14f29f5ac3d7,—marriedTo—>,23931,9ce474cf-76c9-45f3-b6e8-08413fd09ff6,
25402,61b9e716-075a-4927-8f67-a6fa2c3dd192,—marriedTo—>,24049,5a59865d-8b22-4088-b30f-d6f856343384,
24002,620c1026-7ee5-4b44-9099-f0942ba058c3,—marriedTo—>,23038,71ef6995-d100-4c94-a69d-77ab81f4e12b,
24249,622e5065-5ae7-4ed5-b129-281bf2de0bde,—marriedTo—>,25758,a5f9cc83-b9e6-4b09-8047-2018ce8ff283,
23431,62418a24-1443-4967-bdde-7c7bfce127a5,—marriedTo—>,24569,caa7ccc9-fa87-4a2c-be0c-f9c39949ad19,
23981,6277773f-45f8-48e3-8ccd-8444263a6c9e,—marriedTo—>,23022,a3602b87-b753-4c97-be3c-4a0fe22422e4,
23981,6277773f-45f8-48e3-8ccd-8444263a6c9e,—marriedTo—>,24787,18cfbddf-3826-4ef7-b367-a04e67cc325d,
24315,628b7c52-45c3-4b5e-9eb4-be4d22507c10,—marriedTo—>,25734,222b0cb2-5158-4d63-b625-7873f9a2c7ab,
23537,63331397-b9c8-4ac7-9b07-66990e592372,—marriedTo—>,24834,4e368bd3-97e9-4573-99ae-33829def32ff,
23853,643dd693-86cb-4627-8871-8bf960a02c47,—marriedTo—>,24142,f54aa004-55f2-4ad5-a484-1e2647990276,
25875,64463643-a481-47da-836f-d03796575fdf,—marriedTo—>,24323,33ffcf20-b625-456f-81fe-41ae14e34975,
24930,645bbad5-41ec-423a-a42f-24b77bbe8afd,—marriedTo—>,23298,77700862-e18d-4012-a896-951fa291b9fc,
24604,645c8dc0-18bc-4245-9303-6b20940837d3,—marriedTo—>,23296,3200c921-58f4-4004-a4fb-43857fdb2edd,
24604,645c8dc0-18bc-4245-9303-6b20940837d3,—marriedTo—>,23460,8d93d158-cc18-42e2-bd36-b1350414fb18,
23264,646cff13-565f-421d-9a73-c2147bec94ff,—marriedTo—>,24354,cd732e83-9fb9-4b0b-8827-54db46d5831c,
24477,64b8130f-6215-4891-8fb4-040cb2c533cb,—marriedTo—>,23026,028bd9c3-794a-4594-b344-cb62e48e1da4,
23907,64d1de39-0034-40b8-b4fa-e23b50749a27,—marriedTo—>,24679,2fce458f-43c5-48af-abc0-d0a84b14ab00,
23907,64d1de39-0034-40b8-b4fa-e23b50749a27,—marriedTo—>,23381,ecd1b449-c46e-4606-9d90-a2ca7959a28d,
25306,64e0748b-1d72-4286-9f03-2126a5775186,—marriedTo—>,24736,819ebd60-e24c-4cf0-8d2e-527e82407916,
23759,65743016-78c8-4187-b6a2-5e6990b2a818,—marriedTo—>,25857,5e6696ca-c819-483f-84ef-e27ca64f99c2,
24075,65cc0881-83c9-467b-befe-266cc5847a0f,—marriedTo—>,25845,266ed7a2-d79b-4e2e-b8dc-57a26bc0eb44,
25122,6606920f-d445-4e94-af0f-852c135c45b1,—marriedTo—>,25724,82b27889-3bb1-453a-a43e-8c2f5c95f729,
25081,667d003d-da07-4f51-a385-1eed30194467,—marriedTo—>,25632,32e19400-3fc6-4096-9c52-1b4e5b032e9d,
23349,66a835c6-4349-4ebd-816e-2deca320f13f,—marriedTo—>,24940,76b9d3a7-d9d4-40f1-be5d-11a58e85c318,
24971,66c04b26-c1d6-4a20-9cc4-6d3876ffb19b,—marriedTo—>,23643,53372738-2155-4f11-972f-ade73df97eba,
23436,6700c13d-8741-447b-b5b9-cba71cf2dce6,—marriedTo—>,25133,c12e2931-2846-4d42-b4aa-b32fb9746831,
23339,6718f1d7-3b5e-49cc-9254-dbfac23dbc9c,—marriedTo—>,25131,35b56b71-4095-45ec-a0ab-240fdec702ab,
23452,67579fd0-8347-426f-bdab-51ee5fde4c96,—marriedTo—>,24588,1e45cc85-b3bd-48ad-8436-7beb2c507c74,
24338,6765fc15-f42e-4579-95cb-3a6be6e21033,—marriedTo—>,24804,7b1025bf-6d14-42b2-af32-87351cafed0b,
23019,679a1e85-3735-4c5f-99f2-5ac9ce5f92a2,—marriedTo—>,25071,3937a47a-47d8-48fd-b651-9befb4b51539,
24651,67aec133-e8f8-4838-a2a2-a4e17d709a8c,—marriedTo—>,23220,861ed6af-8c57-4d74-af3a-676cbfeeb5b5,
25114,6816cb1c-3c7a-4c3e-95ee-5d9794276e9d,—marriedTo—>,23268,27051d26-c714-4656-8d4c-d6e61b3b2323,
24837,68c3b92d-0c6d-4142-b07f-f1da51204c7b,—marriedTo—>,23211,4e717e8d-ec0b-4a0b-bfb2-60b292af4ce4,
25412,68dcb8aa-8145-4c82-8957-653464fc3370,—marriedTo—>,24902,e000c4da-5974-48be-80c3-3638c38c4332,
24025,693457bf-fe82-40c3-91ac-df1010f87582,—marriedTo—>,22999,5e5a977e-9aef-4cd2-b697-556cbb136aa8,
25205,69821a7b-3cd3-4ceb-9ba8-b6f8422213e2,—marriedTo—>,23025,33080be5-40fc-43f0-b182-3aaa2a484585,
24883,69b671d4-1374-4a0f-82da-e6d2863ad91f,—marriedTo—>,25746,0565e26c-5e2e-41d0-ae69-e03f5f843635,
25014,69fcfb4c-f3c9-42ca-ad98-f1ecb71a74e0,—marriedTo—>,23262,a5552462-cd15-4831-8b17-c930a48915d7,
24264,6a4fa738-a609-4df6-a873-9251396ea79a,—marriedTo—>,25558,73c97f05-6b14-44ee-a6df-b5cc56696fc8,
23290,6acd8452-3558-4da0-9e84-58e3273075ff,—marriedTo—>,25664,cd636718-f237-4852-9411-508c57064e03,
25827,6b831b0e-2c6d-4db9-8662-eb6721c216c6,—marriedTo—>,24190,bc92b2be-d096-40ba-b8ee-6e96bef0a6bc,
24251,6c0fc125-2e4b-46d5-b74f-f2fdb54954f8,—marriedTo—>,25788,fbf215d4-8810-4a70-920d-ce15ce61b6b1,
23374,6c5f1c12-eefd-4036-985b-74fb6fbfa465,—marriedTo—>,24726,9e7fe2d4-934d-4fe9-8069-2764734ea9c6,
25555,6c72a91f-7155-44aa-9751-66133d5a07ec,—marriedTo—>,24765,a1745939-f17c-4d8a-be74-16fccbe94f94,
23939,6ccd00f9-ba0a-42b1-9c7f-57cfa24c1b14,—marriedTo—>,25403,a45f0c5c-ba57-4e1b-b84e-ebada88b70b3,
25521,6cfbcc6b-29d6-4aee-b90d-530068a56ccd,—marriedTo—>,24819,fc8ff1c2-207d-4f13-81ff-411d339f5538,
24929,6d080d9a-7d84-469a-9b4d-72f54c7b217b,—marriedTo—>,25878,57839e67-15ac-4d1b-a08b-b2478f7a3863,
24856,6d312912-5647-4cb9-9af9-5ad010edaacb,—marriedTo—>,25530,7b09e046-5c78-43f8-addc-b5cb606e98a2,
25685,6d6c048a-126c-4a8d-b8f9-0b39ce677f2c,—marriedTo—>,24055,04dcbcea-4684-4bd3-ac2e-383ad0c59a49,
23482,6d7922c0-fa30-4997-be76-ee00b059ab86,—marriedTo—>,24570,25d0553b-aa21-453d-a280-c899b76e6b53,
23214,6e372af5-057c-4b05-8207-28c0071fb9fe,—marriedTo—>,24586,4364d55b-99d6-4b5b-a9d7-f1dd97f4cd4c,
24380,6ea235b1-b1d0-4fb8-992a-42eb337bcac0,—marriedTo—>,23174,1ee4d293-f09f-4f49-a3c2-b49a484dac2a,
24380,6ea235b1-b1d0-4fb8-992a-42eb337bcac0,—marriedTo—>,23992,df74adb3-7837-41d7-bebf-e98d36012b0c,
24528,6eb52aac-0008-4a6e-9492-aa9df4f86b40,—marriedTo—>,23354,77c94fc6-a636-40d3-b5ad-9ff420296e74,
25187,6ece5792-cc90-46c0-b9b5-47ba6c696d0e,—marriedTo—>,25317,73003734-ec27-43ff-8d6c-9acfb3b49aed,
23098,6ee16680-2bdf-40b2-9d5a-b0751ea56aa9,—marriedTo—>,23795,d0900fdc-525b-46d9-a8ca-1bcfee50cfb9,
23098,6ee16680-2bdf-40b2-9d5a-b0751ea56aa9,—marriedTo—>,25514,1e227faa-a7e2-4226-bf1a-9802d38947c3,
23398,6f173589-7f55-4f6f-83ed-1b254de50388,—marriedTo—>,24741,311e37d4-eeb4-4e63-9bc5-b719c03b1f89,
23599,6f795fe8-cbcc-470d-922a-a7d11612bc84,—marriedTo—>,25005,90539081-4e89-4465-bfbf-deda2944eeef,
24927,704cc0a9-2c65-4872-89c6-b992e42ad33a,—marriedTo—>,25289,9d7367dc-80e1-43fa-882e-471fddc1496e,
24927,704cc0a9-2c65-4872-89c6-b992e42ad33a,—marriedTo—>,25441,7238ea81-511a-492e-8f87-da0008ff7261,
23726,7083d24b-4aa1-4370-8f63-f043f9ce33ad,—marriedTo—>,24909,10f1b416-cc15-4653-91ad-67f6b2c890b4,
23322,70ab02db-d351-4dae-9380-4e5ebe755a4a,—marriedTo—>,23949,27bd0a49-86c2-48ce-9c17-534e7510759d,
23528,70c938c1-643f-440d-9ea5-e235074a1d9d,—marriedTo—>,24222,0df583aa-ff3e-42fe-b282-1143e78fe959,
25263,71904f27-5cde-4f17-9365-7aae7696c44d,—marriedTo—>,24603,53d60d6a-992c-44fb-a603-74d4f5a1da5b,
25031,71dadfd3-dc97-491a-ad5c-9f7bea6c5c8f,—marriedTo—>,23834,8eb1cf8b-3941-4dc4-9746-67aa54e99ced,
25615,71f8b20f-a914-4941-9f81-8c8b652db986,—marriedTo—>,24357,8600f78a-39e1-4f8a-b520-dd8cbd565c04,
24285,72222fa4-531e-42ae-b258-d0e1c84f9c21,—marriedTo—>,25312,b42492c3-a6e4-4033-a743-cc3c41a92acd,
24285,72222fa4-531e-42ae-b258-d0e1c84f9c21,—marriedTo—>,25269,54343ed0-11a3-42c3-83cc-71e2478bae5c,
24646,72d211a6-2e45-42e4-aa97-e9cf2b875908,—marriedTo—>,23280,ec732cd8-dfa3-4de0-9a05-366c78eb5717,
25104,72d841ed-5d5b-4b39-adff-6b221e8a6475,—marriedTo—>,23439,89fbfe19-b532-43d9-848b-08fbe53c7897,
24101,73612254-46a3-4eb7-8917-a5bd03260f06,—marriedTo—>,23017,30d92a95-c6d1-4c56-876c-7c0cc1dd6b44,
24614,73f8e431-167c-4b3f-9a30-cd2ea7f32391,—marriedTo—>,25870,df6a75ae-5490-49cd-a929-45cb577a7ec0,
25692,743179ad-95d3-44e5-bfff-34d7041f1f24,—marriedTo—>,25168,1abca802-8ab9-4054-b0bb-e21256e368c8,
23738,743643bb-76ca-43a8-ad8c-8b9c161f39f3,—marriedTo—>,24353,acd329a8-5410-4b1b-96b9-e6a6dff69e15,
24877,743da6cc-b96f-4bb5-93bb-7acad119fea3,—marriedTo—>,25886,6c2954fc-6036-41f9-a6b2-695a09aae30a,
25185,75450f9d-4522-4498-bb62-e0e2b83d75dc,—marriedTo—>,25376,e1df58fa-6baf-4a22-b2c4-464fe8721fa4,
25185,75450f9d-4522-4498-bb62-e0e2b83d75dc,—marriedTo—>,25582,6d0607ed-42bd-4440-902d-9d2d653d8ad8,
24595,754894f5-af4a-4f39-b0fb-fa7c546207e3,—marriedTo—>,23133,6db335df-3f6c-4d43-b95b-ae7c96ad318e,
23236,75cd7e68-7bfb-4f1f-9c5b-ad4f3a8cc5fb,—marriedTo—>,24042,08006309-e45d-4d53-863b-3f706de92d8f,
24157,7603d0e5-53f1-4b11-ba9a-07db0a9d5d38,—marriedTo—>,25076,c3421ea6-a506-40c5-a394-03b0110ee818,
23053,76314e7b-cd33-4cb9-aedb-ac9ebbb24109,—marriedTo—>,23501,60f9081b-6aaf-4ae9-9ad3-8cfb07cbea23,
25646,7633b801-368c-4191-94c7-e1bbb0581d10,—marriedTo—>,24213,af580dcf-5ba2-4589-b94c-9793e0b447be,
25300,768ec8b6-b57d-4ccd-aef6-a46f6a2a4089,—marriedTo—>,24813,f180161d-4c92-4734-b9df-d1433d3fbda0,
25189,76dc5b66-25d5-4e8d-889d-54c75f9fe3e2,—marriedTo—>,23008,0e2a5eee-e886-403c-b18d-a4724e40785b,
25189,76dc5b66-25d5-4e8d-889d-54c75f9fe3e2,—marriedTo—>,23027,97604369-9666-41dc-b275-11340c367983,
23625,7710b137-9c66-4c4a-95cb-09b724bdc483,—marriedTo—>,24322,53996d2c-a934-476e-9fc2-612049f21607,
25194,7774339c-af18-4272-8cd4-c1aa3f4939de,—marriedTo—>,23044,1bed15d1-5660-49e9-871c-a6eede394725,
25529,778567e6-f775-4707-af2b-b12f5c8cc8bb,—marriedTo—>,24438,4955f61d-a913-452a-b92e-6883456555bd,
23062,7803028c-2db4-440f-9fb4-a546b0ec4a2b,—marriedTo—>,25150,0abb72e3-1f30-40a9-8524-be66889b4683,
25609,789b6446-ef91-47ac-8eb2-39f82421fa28,—marriedTo—>,24582,cbc27c1c-0a84-4de3-9b70-7158f08c88c0,
23739,78daad2b-15cc-4b6e-89f9-37489bc38d01,—marriedTo—>,24152,a06a606d-082a-4ff6-b370-b6bcdbdfb35d,
23270,78e8eb9b-830f-4e79-a34a-6dcaaf732b57,—marriedTo—>,24192,00f58443-7d4d-42a4-8028-087af08771d7,
25553,78fb7f7f-680a-412a-a735-9d3581c2e9d4,—marriedTo—>,24151,e4b7f57a-6f04-4c66-8bd1-de4416f58f7d,
23078,793b2b66-4cf5-402c-889b-ff233bb6d546,—marriedTo—>,23897,b89ca634-e70a-40a9-99a6-0f44675e5d76,
24062,79c43af4-a822-4c36-9308-7aacd5e7cdec,—marriedTo—>,23978,d3b167dc-1856-4de1-a4f9-46bd5a876565,
24292,79d124aa-489f-4a8c-b3ea-84a02cd3ddc9,—marriedTo—>,23152,4c553284-883a-4899-b7e8-2f5a1599f61e,
25476,79d8b570-54f1-4c10-8464-cf2593f2b60a,—marriedTo—>,24725,7a0b619b-062e-4510-982f-754d5095d440,
24161,7a4d02a0-0bed-448e-8e60-c6ff0f8bf7d3,—marriedTo—>,23115,18125c40-754a-44ef-a29e-a98fa60d7e79,
24134,7af52484-e9e1-4d96-a5b4-fa219186c06c,—marriedTo—>,25794,250aad66-fc1b-44fe-9553-c5df1d21a808,
24663,7b420cef-7ce8-487c-853c-d855b0b65122,—marriedTo—>,23435,a424676d-970d-496c-b294-9bb4d8b8e46c,
25869,7b45aaf2-a186-4ca5-a5ae-cbe41556f94f,—marriedTo—>,23363,a9b9a97b-066c-4f41-a674-524c42e5c8fc,
25102,7b909895-ccc0-44b3-b3f8-16155d7feabb,—marriedTo—>,25330,7e015b39-5bcd-4693-bf4c-c3d9ea2ccb32,
23889,7bc172b6-8b9d-495a-a19f-e5059d5f4a2b,—marriedTo—>,23068,c9cd3a09-dd07-43da-8a2a-8d0c680162e8,
23914,7bcd861a-b348-49de-aa25-dcad1e172891,—marriedTo—>,24126,b0f83553-df80-472d-bd62-c5c2dfe14ece,
24299,7be78681-dba3-4771-9c7c-48207d7168d0,—marriedTo—>,25487,62d98c61-b3eb-42d8-b88b-fa15505da08a,
24227,7c08fbfe-e762-419a-b1e1-406d16216421,—marriedTo—>,25343,742f255d-2828-4b93-af60-671792739d3e,
25314,7c23f53e-93de-44b1-89f6-5acce49bd637,—marriedTo—>,24403,9ae5751e-9f1f-4d97-bfae-beaf90b50ba4,
24383,7c74cf7d-88d9-4095-a47f-a60b767eb821,—marriedTo—>,24193,21c3189a-7ea5-45d1-be7b-6cb1de96eb1f,
23139,7cbc198a-d5d8-4011-9d2d-608780460810,—marriedTo—>,24910,7d97a383-675d-4cc9-87e7-188c5788d881,
24336,7d7b2135-3d0a-4070-92b5-bfbb852804b1,—marriedTo—>,23253,fa7dd5dc-71fe-4ff2-b300-063ce827afa6,
24849,7db2ea3e-31b5-4781-9fc6-b1b7e54b34c6,—marriedTo—>,24734,6d1070e9-f9ea-47fe-9a9e-dbcbd9b2c172,
25475,7e5f3640-712b-4ff1-951b-027f72aa2e90,—marriedTo—>,24748,b4a18ab3-2615-48ac-ac44-6a80d7ee72b2,
24252,7f9d68e1-af44-4684-968f-fbd82723587e,—marriedTo—>,23596,1ee8f425-cb0e-4dae-8deb-39b34bbaeb9d,
25720,7ff8a697-773c-494f-bd43-e7de4653e7d6,—marriedTo—>,24575,0f79d385-04b1-407b-8620-49965f384124,
23910,806a9714-8c3e-4396-a356-9cea0ff9c8fe,—marriedTo—>,25486,48d56d19-d1c7-480c-a99c-22021d8b4dbc,
23910,806a9714-8c3e-4396-a356-9cea0ff9c8fe,—marriedTo—>,24066,5e8f45a4-4143-4438-a5a2-fb1e2ebe4ca3,
24421,8153b173-e170-4073-858d-6bff489e96bb,—marriedTo—>,23503,134035b1-8543-44e6-b26e-65a78078b0f5,
23836,818d86dc-98fe-4448-87c6-0b8d972a2c01,—marriedTo—>,25161,8dc05bd3-99a6-4f1a-bf43-8b3bb8a681ca,
23873,81e1abae-278f-4c5c-9290-a26d4f9f02ec,—marriedTo—>,23570,59d1b1b1-a6fb-4588-a0a9-12262cc27273,
23873,81e1abae-278f-4c5c-9290-a26d4f9f02ec,—marriedTo—>,25824,9eeeee1e-934a-4f82-b022-f57e962c9d0f,
23642,82414210-aff5-4c5d-977e-74eeee5df3ae,—marriedTo—>,25073,a1e0096c-da2a-47e8-9439-6dfa8c7446f0,
25844,8268a92d-a2fe-4a86-b979-c44c86d36a22,—marriedTo—>,24616,fe812b86-8110-42b9-870f-758b06ec3609,
24747,829cf100-dd8d-42d1-bce3-179a2cf67b4e,—marriedTo—>,23720,bfa7bdac-96cc-49b5-8b05-a718f18aaaf2,
23539,837dc9a4-6bd8-441c-ae07-04c086748bbf,—marriedTo—>,24809,acc4e353-4693-4dd9-8570-d34b77df69d2,
23555,838369e7-9658-40c9-9bca-1d03bfc9e2f2,—marriedTo—>,25006,a56c4477-9344-46d3-9561-43a8f2673e08,
23119,83bdaff2-959b-4680-8384-b1ca5166c9c3,—marriedTo—>,25140,f621ea21-f423-4046-aa9a-2d2b0eb0e1b4,
24074,8428ead4-29e9-4a64-9128-e0f58c165c08,—marriedTo—>,24191,b14cdde7-ae80-4f80-8512-cf9047b1d655,
24074,8428ead4-29e9-4a64-9128-e0f58c165c08,—marriedTo—>,23407,c1b002f5-46e6-4d49-a0af-d7645734d4e5,
24399,8444dccc-0a5e-4422-94f5-ece4f920a53e,—marriedTo—>,25381,6af85ecd-4da7-4c38-a572-21734095a4d4,
24399,8444dccc-0a5e-4422-94f5-ece4f920a53e,—marriedTo—>,25770,5f4bb0a9-b4e1-4a38-bc23-7c3d0e97c2e4,
23509,84bda200-458e-4afe-8cf4-b1853d8209b0,—marriedTo—>,23767,5e811c9a-7888-4446-b6ce-066bef31b8a9,Clara Ittaliano
24073,8517f0dc-9505-4f1a-a190-1d563b1490ae,—marriedTo—>,23295,bc572ea1-6a18-4e9d-8d87-a60bca6c9d09,
24073,8517f0dc-9505-4f1a-a190-1d563b1490ae,—marriedTo—>,25493,b6697345-3915-49f2-9c5a-bd4a38aa7db3,
25604,85c15da4-04b0-4115-908d-ce61f0d357a3,—marriedTo—>,23792,21688365-78db-42a6-9232-136cc6aec632,
24518,85fc6088-6821-427d-83aa-a567baada59d,—marriedTo—>,25462,dc82fb86-7c03-4512-89e9-0bb2867ce554,
25723,86334f26-9810-4710-b129-3294fbc5b182,—marriedTo—>,25017,e25d52ea-f7c1-4189-bee0-6d014b74fd0a,
24430,86ec3565-50b7-4a3e-bcf6-4c1d0394ac11,—marriedTo—>,23023,feb86792-edd8-4feb-8d5f-d5a42fcdfbae,
23751,8828edf3-6b30-416f-9a34-3ebd521d2842,—marriedTo—>,23446,528b2978-1c6f-4419-be89-03ffeeecc00d,
24349,889bc9bf-233e-42bc-8468-8d06f6386be8,—marriedTo—>,23362,e9f51e2c-0eb5-4f17-ab0c-4f3b538d31da,
24349,889bc9bf-233e-42bc-8468-8d06f6386be8,—marriedTo—>,23735,ae638262-077d-41f9-b44b-b3d7c3531455,
23421,88f31b63-d8a6-4bf5-8c7d-dc6a23b3ed3f,—marriedTo—>,24152,a06a606d-082a-4ff6-b370-b6bcdbdfb35d,
25383,88fa7343-7981-4b48-ab9a-75489774243a,—marriedTo—>,24983,cd59bec4-5e26-447b-88f8-724cd5fd400f,
23844,893fc9a2-183f-44c3-8a85-7a6dc107ebcb,—marriedTo—>,24670,ace1d784-b84a-419b-9edc-d50fe6ffae71,
23079,898855ec-9c58-4b5d-8342-4636f2e3c53f,—marriedTo—>,24682,0778c911-941e-4b4c-88d7-11111e7e9fd2,
23494,8a6d3cd8-8257-4a56-a52d-ea5840bd55d4,—marriedTo—>,24814,ad908628-1a22-42a0-bd59-4e20eb4be341,
23686,8ae3fdd8-fa2c-463e-b393-0e8034be91e4,—marriedTo—>,24771,8d9a6a6b-ee6c-460c-8f3e-5c715c49701d,
25505,8b1ecc9a-42f3-4601-8b88-5b1ae1a69672,—marriedTo—>,24046,c92c1c7e-3fae-4a19-8874-bc42e5021d45,
25694,8b5ae2b6-8d3f-4ed1-805b-519cd21c726e,—marriedTo—>,24053,ebb798c6-5e1f-47a6-83a8-beb48119348a,
23721,8b83510e-ce6d-406a-b3cb-44838754f6db,—marriedTo—>,24769,b0592a8d-5cc7-455d-a742-f9a4427192e9,
25647,8c7b9c1d-e4bd-492d-ba2d-4bf5a6a8e2b3,—marriedTo—>,23947,ca2269ee-d4fd-430a-9b7b-6cd64ae2d8c7,
25762,8c91c9a5-7b4c-41b8-82e1-27dcba958e2a,—marriedTo—>,24815,07403880-8cb0-4fc8-b080-732c67b3f1ae,
24488,8c96a592-da6a-4285-8f4a-c6f9270cf3e4,—marriedTo—>,24462,558a5e5f-f493-4035-8017-347865c109d0,
25430,8cc279b4-91aa-408d-9d4b-295e74527a16,—marriedTo—>,24217,ca4c3037-c07c-414f-a7ca-d1c8ce6a26db,
24954,8ced19aa-bae2-417d-a6ef-b54efc2bcc20,—marriedTo—>,25170,8f48bf00-491a-411e-9db5-80f02f9d552c,
23887,8dc6ac24-99f7-45cd-90e0-e68162c3afff,—marriedTo—>,24574,1e792ee6-6c78-4a1d-8313-d81bacd4ec9f,
24537,8df533e2-1ca5-4f8d-88ab-5dfd96782dd0,—marriedTo—>,23490,0312daf0-c71b-4ef3-b229-b43aadbf5751,
24537,8df533e2-1ca5-4f8d-88ab-5dfd96782dd0,—marriedTo—>,25583,32c0690e-f467-4c3d-a20f-2058ac3e7df5,
25385,8e5662a3-4115-432c-8c57-228e98860d6a,—marriedTo—>,24562,17f48bbd-f42d-4741-bff2-9907da8a209d,
24511,8ec6c3c8-3818-481d-bac6-8101e0ce7898,—marriedTo—>,23430,e37d6607-a9bb-4929-9185-c247075f8747,
25748,8ec82e9d-44f4-438d-aeb0-a461628ab110,—marriedTo—>,24194,ea52819c-ec6f-4d10-b725-5d697aa85f2e,
25686,8ee7832e-80de-46cb-a053-2f5dc3ad9505,—marriedTo—>,24738,8dd77db0-bd4c-4b7a-adae-6cf572a35732,
25085,8f55493a-9c00-4c0f-aa27-ac542ed6849d,—marriedTo—>,23018,3e99b304-3f0c-42bf-a7fc-09ca188b36a4,
25712,8fb17536-d9b9-40a8-b422-cb67d58b68a3,—marriedTo—>,25067,7a213d84-b1c1-4965-8ae0-cfaa71ba5d3d,
23544,8ff4c3cf-5569-4436-8dba-6dbe459af02b,—marriedTo—>,24975,a24b279f-dd17-4839-b7af-b4eab4e0268f,
23397,9019ad2b-ef2c-4cf3-89e6-2a98a650c53b,—marriedTo—>,23794,82a86d39-6fc9-433f-80b0-c0f7302d50c2,
25665,9076bf2f-483d-465f-a66e-23c37146fdaa,—marriedTo—>,24666,798146e0-4c98-4d5b-ab93-cec1807fb53f,
23145,914e364b-7f64-48e1-8368-4dacbc0e8c1c,—marriedTo—>,24989,88155e01-e362-47bd-91be-c69828b2902e,
23474,916414fe-13f3-464b-8dc7-f65df0c63783,—marriedTo—>,24182,0aee8b82-a17d-4b94-815f-dd2765f01fd8,
23316,917f6ee5-95a5-4f6d-919b-b545642a7795,—marriedTo—>,25064,a4b58e22-93e0-418d-8c2f-ee571d4bf23a,
23202,9182c3eb-fb0b-4aca-9438-cecaa77cf931,—marriedTo—>,24360,ff3df7b5-82b1-4e0d-ac2f-06778f99e622,
24561,91840a57-c80a-4d7d-bf57-0e6c037b5ac6,—marriedTo—>,23433,4dcef1af-1870-4bcb-a7a7-a2ff77c47c53,
25053,928525e5-a798-4ad6-8701-e3f1de7c2332,—marriedTo—>,25278,af699fe8-e7a7-42eb-8e73-687861653d6a,
25053,928525e5-a798-4ad6-8701-e3f1de7c2332,—marriedTo—>,25145,0efc2e69-eb99-42ae-b1bc-87673778999a,
25455,928609b5-4fb8-485f-a2f6-225844ec0054,—marriedTo—>,24061,b2183897-b695-4160-b458-7dd7f980f70d,
25522,929e530b-6322-4fc6-a7a0-45ce925a7a57,—marriedTo—>,24288,4db58465-d4d2-4d93-9525-8d2b481998dc,
25728,92aca850-ae0f-4209-88cb-7c82faf63c5b,—marriedTo—>,24125,376a5562-4174-4067-8d82-4826bb643115,
23644,9317150d-5905-4588-99a5-62293544c1a4,—marriedTo—>,25092,ef9297e8-97ee-452e-abdd-26b8d2d39e64,
23982,93edd262-93c2-4d53-a5c4-d018fb2c97bc,—marriedTo—>,23213,49c4575f-e408-4f41-8c83-a240c7ba8089,
23189,947346da-62ba-481f-863c-b10a217f63a8,—marriedTo—>,23989,628cbee7-f487-41c8-83a9-b4993f5bf78e,
24241,94a3b295-4321-4860-986e-6c9af1cbf5cf,—marriedTo—>,23593,84c419fc-be6c-40bf-8cc7-b7e1acb8a06d,
24170,94ecf1a4-2535-4f47-b415-6c8a8d791652,—marriedTo—>,23031,97076705-7c38-4757-930e-c625c7ec6d53,
24598,956526ad-9140-425c-9474-9e0f0d2401ed,—marriedTo—>,24141,a4ba824e-39d1-420f-ad1c-07e0b535d9a2,
24531,957ccd19-8136-41a8-9da6-2893e715ee22,—marriedTo—>,23559,78655b92-5326-487f-ad2b-e8614fb6def8,
23876,958a9811-de13-497d-a58a-90cdb3a5dc8f,—marriedTo—>,23532,7db4cd87-c299-40dc-903b-14fa4f138fe1,
25703,95bd80c6-c86b-45d4-94da-be7b1426b15a,—marriedTo—>,24583,f12f21cd-30f5-4251-bf29-4c1c45a3e840,
25258,95e7f149-02fe-4953-a9bb-fb4386fb3119,—marriedTo—>,24669,664be104-4263-44d6-8dbd-4f782f044e88,
25688,964c1c35-12ea-45c8-abe4-9fcea0d9b98e,—marriedTo—>,24762,2d41530a-5cc7-4898-85e9-67e7d3c513f3,
25691,965f9604-643c-4395-9667-3875bce095cf,—marriedTo—>,23802,f38a7b1a-7f2b-49e1-abd9-7e1cd3594b33,
25373,96b87f52-d3c6-4745-a32f-a052794ba87c,—marriedTo—>,23569,9ab3f2f7-2ce4-4391-a910-b52ec71d56ca,
24972,97065acd-5b1e-4f36-9d8f-326cd4369bce,—marriedTo—>,25543,b6c53182-f1e5-4917-9f70-dfd0d9b0fd74,
23926,9796d888-3274-4d95-95e6-e759b0fd96fe,—marriedTo—>,25759,401f12d5-1d18-4b36-9628-cc5417dd538f,
23373,982a1312-8a32-488f-b68b-2b852b41081a,—marriedTo—>,24392,54bcf6d9-a6b6-46a1-af7d-d9cb7b33343e,
24689,99723168-92cf-4e13-9e24-1ed37a09f8bc,—marriedTo—>,25241,6f2a7a97-912a-42f0-958f-3b6a14280836,
23621,9974f2b4-ee59-4d77-a9a3-9dcddb727a18,—marriedTo—>,23099,ae9e343b-54f8-418d-9ec9-bae0b3396918,
24624,9a32a1b2-4b9b-437c-98cc-5f443baa3552,—marriedTo—>,25680,31af271d-9797-4a67-94ec-54c4d823f77c,
23056,9acf8f2f-4edb-4d5f-b5fd-7ae7a739b8a7,—marriedTo—>,24905,4dae8d38-d0d9-4794-ab07-afec97c895d1,
24501,9ad626d2-f9eb-48e5-a6ea-8d4ce6b34f4a,—marriedTo—>,25448,8743c407-a48f-4fba-9df4-2d41dc4fddc1,
25425,9b19da58-e7b6-45c7-885d-4ccdc1a41dcb,—marriedTo—>,24569,caa7ccc9-fa87-4a2c-be0c-f9c39949ad19,
23576,9b4faa71-70c3-4126-92d7-44a081b26267,—marriedTo—>,24830,cf30212f-ab96-4b6f-b51d-90bf5621f59e,
24234,9b855add-a4bb-4db6-b96c-1b3225677e79,—marriedTo—>,25738,8bff2fda-fcd5-4bee-bdad-a970c5897828,
23196,9b8676d4-8c19-4f5c-8595-fbb84d3fddd8,—marriedTo—>,24852,5dd95f6d-7d22-4000-885f-541e8afccf1e,
23838,9be3d670-13b8-4362-8300-fb88d629fa63,—marriedTo—>,24083,aa2509e8-f8be-4ad0-8946-c3c06b0c1b6b,
25240,9c5f2748-e727-4fbb-9a60-024a06e65536,—marriedTo—>,24368,8f86db83-411c-4da5-ab72-806f39da5f73,
23228,9ca23542-7f45-47a9-af71-835d3864af34,—marriedTo—>,24325,e761730f-60cf-4059-883b-b45b1553551d,
25413,9cc2417b-b68c-4dd9-8115-fbb36ae98427,—marriedTo—>,25152,ad0f982b-1820-4298-bb44-289a6093069c,
23916,9ceecfb5-45fe-4624-98de-111417fe6d65,—marriedTo—>,23258,287c907a-a853-4b8f-aa91-4058793dfd70,
23095,9cf5fe25-b462-49d7-8df8-961c69a89bd4,—marriedTo—>,23783,a2b3ccc7-4663-4e76-8ec7-bc59c769ab4e,
23237,9cfa22d9-2ef0-4890-b984-17c336f96a1e,—marriedTo—>,24642,658cf546-7cc9-4511-bae5-96fb4421ae1a,
24453,9d8d46c1-e752-47bc-b440-8af90344fde9,—marriedTo—>,23384,0c4cbbac-b42d-4ebc-886d-747c074eeb3b,
24868,9dac5794-89ac-4522-854b-4722ae8436cb,—marriedTo—>,23424,1e622c87-d744-4875-947d-ae142e8dd26c,
24423,9e404388-3721-462c-bd37-eeba7eb12b5c,—marriedTo—>,25570,e0a0baf0-e603-4fe9-a9d2-efdf42a50d55,
24401,9e727313-f5af-4196-abcd-ed50dd9e7f9e,—marriedTo—>,25146,832d4151-87e9-4916-b994-33080bb7b15b,
25388,9e98d76f-9628-4e0c-9813-7a667a7e4228,—marriedTo—>,24086,dbfaa35d-504e-4d21-9fbe-95b57dde5b13,
24555,9f02031a-e96d-4cac-9979-d481bcd15da2,—marriedTo—>,24939,05ab32b3-aac9-4695-85eb-80e828a596ff,
25637,9f023c66-bad5-4fb9-8487-78ababc5d07b,—marriedTo—>,24064,902243cf-9780-4d04-8fcc-40478e569ebd,
23480,9f50b534-16fc-4502-b9f3-7ee258d3fe1c,—marriedTo—>,24364,377e9b1e-495d-4786-a8b7-d2e0391a786a,
23480,9f50b534-16fc-4502-b9f3-7ee258d3fe1c,—marriedTo—>,24043,d099a72b-d763-4878-b289-d1891bc67f5f,
23469,9f64765c-778c-47ea-8dc3-dad708dfdc20,—marriedTo—>,25249,308d7858-05c1-41dc-8ec4-ccd49b7e03dd,
25186,9fb2f3e7-0751-42e5-8c2c-b53d49bc0bba,—marriedTo—>,24668,a8ec4a55-2066-48f8-bf8d-67625bfcd564,
25115,9fbb5169-a638-4dd5-a4ca-1ee1814c7163,—marriedTo—>,25655,13288196-f3e2-4ddb-ae3d-babd1e6ea971,
24551,9fde1242-17e0-4b08-9aab-cb56c107924e,—marriedTo—>,24145,d3f903cf-abbe-4282-959f-941569f55dbf,
24235,9ff8a659-e050-4e61-8d7b-8e6fe52a85b9,—marriedTo—>,23109,adf741f3-89df-4728-881a-437e5d60a83b,
24917,a0f93e14-f97d-4fac-9d1f-a1b92aa9e70c,—marriedTo—>,22996,63d5fab1-c8b3-46ba-9c1e-5c3b94731e97,
25701,a126f00c-7a10-4c50-aa24-e8a83eaea210,—marriedTo—>,24052,30c0bfeb-f829-460f-8cc8-cbc39dd2c627,
24755,a1441c85-3b60-47f5-8eef-04f6a00e788c,—marriedTo—>,25795,a49e734c-4947-4e15-bc27-276bb349c30a,
25708,a290f159-4619-4208-82ed-085eac36ddd5,—marriedTo—>,23985,9a1ad695-0719-4917-85f9-846692adf54e,
23918,a2bd8405-d129-46a4-8f98-896d3c6a0323,—marriedTo—>,23216,ebdf255a-0e41-4b3a-acce-2b7f95e30ce0,
23608,a2ca41b1-325e-4a65-8d4b-d5a71d78a24c,—marriedTo—>,24367,cdc03585-313a-4de7-a5c8-9b40e77d7913,
24411,a2d6aae8-5a58-4597-804d-5acd5d4ec13f,—marriedTo—>,25761,84105499-e502-4b4d-b2cc-ee69f6f593d1,
23261,a387cd8d-0e66-471c-bad6-adf8c50c8d90,—marriedTo—>,24641,9df10f42-18c5-4b7c-8495-19af347d39a6,
25537,a38d6b32-9319-4e09-bff5-dd61fbcc7f55,—marriedTo—>,24770,60263a82-bb52-4883-a145-0ae554e57b86,
25576,a3c27e5e-39fc-42c2-8fbf-f79e6e3c5a1b,—marriedTo—>,24223,338f58e6-b6bf-4f6b-9ba0-9dccf5e0bc27,
25112,a41e179c-2f86-4e27-bb33-133141d83183,—marriedTo—>,23730,5a2f3776-31d8-4cc6-9edf-953e19867958,
25856,a44e0912-c6f3-4dc1-84a8-442a5e9ebe7d,—marriedTo—>,24059,2dc218e8-1013-455b-bd76-27608d72be07,
23893,a473981c-5b0d-4424-8c37-246b076b5cec,—marriedTo—>,25428,d69a75c0-23f3-4ee1-be62-3aed32453797,
23893,a473981c-5b0d-4424-8c37-246b076b5cec,—marriedTo—>,25608,b7093aae-15fd-48cc-a062-8e12c1f37921,
23487,a4c587b9-eb6c-4784-9ad5-854109d52516,—marriedTo—>,25292,317196c2-6588-451d-9b0a-3678dd1fa08b,
23188,a5a160a8-32a5-4bc7-a32e-42910cd6f3b9,—marriedTo—>,24816,cc2359b7-6cb5-490e-842c-ffc0e318f45e,
25831,a5cf2b64-062f-46c5-a007-6ae571b945e5,—marriedTo—>,24740,262a36f1-1313-4c4a-b763-020da443ba37,
23198,a62b58b6-ba88-4103-bed6-1977013f16f6,—marriedTo—>,24982,668e325d-7519-4e9d-a552-a2c40aadddc4,
23037,a6545e12-744e-453d-bc9e-d0e12ec3071f,—marriedTo—>,25208,1d259eca-324c-40ad-8e77-616da2602b27,
24870,a67456e0-2c4c-4d39-af24-4852879e8272,—marriedTo—>,23545,42cc426e-300e-4134-9382-d1ceca47e00a,
24928,a6a6f702-69c5-435d-bcc1-406ba4cea69a,—marriedTo—>,25326,fa6d489e-b325-448c-9770-c32ef872fdb2,
25372,a80f0cc7-95ff-4fe8-88df-93d3a141f155,—marriedTo—>,24068,8cb0c4fb-7505-4184-b09d-bc4ab62af6b6,
24656,a8259712-7c4a-405a-87a7-d962990851ae,—marriedTo—>,24772,1368576c-70cb-4e14-aace-9e6c4ed52ef0,
23291,a869fce4-c5d4-453f-a61f-37f4355bdb00,—marriedTo—>,25848,3927b422-e327-48c6-a623-22c328595233,
23891,a8ae7faa-7784-447d-a104-2d463af3ab90,—marriedTo—>,23013,3fe160f7-90ad-462d-8a01-679ef876c0e3,
23891,a8ae7faa-7784-447d-a104-2d463af3ab90,—marriedTo—>,23074,ee2a9746-357b-4f3e-a3f0-d950e7048330,
25395,a8bdc184-4737-4600-b17e-8931d3846453,—marriedTo—>,25125,74f0000e-3ddd-49d9-ab93-31cf3877ee83,
23925,a8e13987-b871-48e8-a42b-716d328ac177,—marriedTo—>,24019,df268090-f9d7-47b0-b8d1-0ac5b00dc383,
23329,a91c926b-a618-4892-a486-a110925c993b,—marriedTo—>,23812,df74adb3-7837-41d7-bebf-e98d36012b0c,
23329,a91c926b-a618-4892-a486-a110925c993b,—marriedTo—>,23992,4dd04db7-87b3-4a6a-be9c-b9f3e5d7755b,
25406,a9ca5f5e-d51b-465d-8cda-d96e6a738dd5,—marriedTo—>,24289,6415df82-3208-4b32-81c5-e3324dd0ed04,
24202,aa6a3e5b-e96f-4a73-b9f0-f9863b197b79,—marriedTo—>,24146,c4251f93-0623-4673-b490-7542ee91340f,
25318,aaaa1dc9-8853-4239-8a37-43c9b6e8b45e,—marriedTo—>,24711,547142db-ca68-4fa9-b9d4-ac12235f1320,
23777,aaf98735-992d-4e03-8530-773da495cebe,—marriedTo—>,23365,3bf042b2-a68a-45a4-a0c0-36ccf6538c66,
23825,ab2aed0a-0a42-4179-8f87-91de668377cb,—marriedTo—>,24440,2a580649-dae7-4562-b89f-522b43d4acb2,
25644,ac75f261-6052-426c-bb80-d2aabe093136,—marriedTo—>,24045,96f031e8-2765-468d-91dd-824a06ab2acf,
23124,acc1b712-dda0-492c-9017-521498e33939,—marriedTo—>,24992,9a0d82d6-103c-46a4-bdca-1b962a79e24a,
25283,ad9a9421-30be-4561-bb35-43828fc79896,—marriedTo—>,25004,4e6befb0-c8f1-4fc3-bdda-155e0aecf1d3,
25625,adff9f8b-2a6e-4290-b9d3-b0ef9e238fc6,—marriedTo—>,24022,60b584d8-3c42-40fe-aac9-36744fbb675b,
24348,ae30dd63-e39c-49f2-a12b-ade8ae28c849,—marriedTo—>,23520,31015488-0162-4567-8ffe-eaa17717055d,
25043,ae7b4645-3c3b-4005-adaf-07c957e03bbb,—marriedTo—>,24825,d7f0b9c2-2160-49b5-960e-f22b3654709d,
23661,ae8839dc-ffee-43f1-ad1d-744b3701c50a,—marriedTo—>,24737,0b94436b-6637-4a8c-a5f7-14fa70e0b82e,
24843,ae8cf5c2-1506-42e2-a1c5-6612943b3b64,—marriedTo—>,23396,085126a8-f3c5-4e96-bc5a-f77dffbaefb3,
24102,aea1fea6-97e9-4d66-8940-54bd571d123a,—marriedTo—>,24050,25042291-c1e5-4952-84d6-ff8c9368173c,
23764,aedd47c0-20cf-4eae-887e-631b07f533e7,—marriedTo—>,23400,d1fcbfc5-60c1-4a81-8471-f543f9131df1,
25433,aee0cdf1-ea40-403e-8555-d1f6c97b1673,—marriedTo—>,25004,4e6befb0-c8f1-4fc3-bdda-155e0aecf1d3,
24470,af0193ef-e5de-4922-a1c6-51b1b82ced0d,—marriedTo—>,24932,57b56539-ce69-4862-bd8e-e2c8c030053b,
24470,af0193ef-e5de-4922-a1c6-51b1b82ced0d,—marriedTo—>,23445,b741c8c4-7adf-4f96-b58d-e8800f595210,
24691,af65ea0f-5375-4d12-8a70-855adb2d060f,—marriedTo—>,23572,5d75d31d-096b-4750-bad3-b82396765e4b,
25863,af7f7fad-bb8d-4fd0-b01a-99d44edba641,—marriedTo—>,25066,cb419ae0-be4e-4f20-ae29-5e11a371df08,
25090,af8e380f-9754-40ef-8f8a-ba6eb0c03aa5,—marriedTo—>,23569,7b5e54dd-9f26-4021-9afb-a4884eb93977,
25090,af8e380f-9754-40ef-8f8a-ba6eb0c03aa5,—marriedTo—>,25533,9ab3f2f7-2ce4-4391-a910-b52ec71d56ca,
24162,af9cb998-f127-48a7-ba13-e9acd39c570f,—marriedTo—>,24054,9c6505a0-696b-415b-ae4b-c12f19fd3a69,
25474,b03d5fac-fda7-44e3-9531-e5fcbaeb6f0b,—marriedTo—>,23953,d55343bc-06ac-4705-a652-d0fc15de7052,
23307,b0450aa5-907a-4864-ae6f-65bf841a1409,—marriedTo—>,25139,b3669d71-1973-4ab0-aae6-1f8cdb914578,
23484,b062e08c-78b6-4d25-9bf0-222565b662a0,—marriedTo—>,24173,f8a371f0-f40c-4d69-9450-5e2d626a8247,
25397,b0ddd3f7-b06d-4962-be00-5f3a841f5f1f,—marriedTo—>,24563,01351aa5-d6cd-485d-b0d5-b7f5b780d7b9,
25652,b20c9ea3-a749-4805-a77b-35d254acca72,—marriedTo—>,25128,c1639084-6249-4a26-ba1d-a2fc5f6f673a,
23877,b24233d2-e0b4-4700-a7d5-502c1f432d75,—marriedTo—>,23700,ecfde847-a327-48ab-bc8e-cd982b22fd80,
25765,b26734bc-81fe-4ab8-8ea5-548fa509cac5,—marriedTo—>,24063,2460a0ae-f666-431b-9ef3-54193d854dca,
25772,b297d11a-444f-4b6c-9783-7fc2d24645be,—marriedTo—>,24325,e761730f-60cf-4059-883b-b45b1553551d,
24842,b3419592-1402-42ed-a08c-a6365707cac7,—marriedTo—>,23623,738ecfb9-e519-46b8-b743-8c1daa109c85,
24340,b36b1ca3-ed61-405b-b189-07144f5f7341,—marriedTo—>,25216,bb43f0c1-d758-49fe-b619-aa2972ea72ea,
25256,b378b485-123d-40e2-8fa2-c33b66162a01,—marriedTo—>,23984,b455bb5a-d799-4892-b753-dc0bd5ed5321,
24554,b4bd7499-b467-4f8a-8ce0-4d2654aabff0,—marriedTo—>,23440,9d566fef-8296-4d09-81f0-c3e7138708b8,
25032,b4c37dc6-dfd4-45b0-98c4-41000760a642,—marriedTo—>,23742,0cff9bd0-8ec6-404a-a611-ed9c1c3dd78e,
24876,b4f40d85-0425-46b4-878e-644a92880a02,—marriedTo—>,23014,b8b98473-484e-4dc0-9e71-333bff03c301,
24841,b52a12f8-55a4-4bed-9b4d-4de92d6fef31,—marriedTo—>,25091,e307f82d-46b1-42a4-9cda-ba6c767d10da,
24879,b5a77b69-ef31-45b2-8880-2e147b0367e6,—marriedTo—>,24775,abf07818-22b2-4d57-a13f-076430f3595c,
24389,b5bc9fc1-48de-4907-9a0b-a02316a4c0d4,—marriedTo—>,25885,fb808123-abc2-4af1-9e2c-713a454e8640,
23711,b60fc8e0-4ac0-4c5e-9c1f-b52d5ea62a2d,—marriedTo—>,24176,a9bbd99d-9cbb-4caa-b194-1d116ef217e0,
24618,b62f3d56-d130-42c8-817d-246c5cd6c3cc,—marriedTo—>,23281,9ba0e919-ffdd-4421-b987-467d2609c743,
25157,b642d3b4-1f30-4f3f-8e5b-936cc9def585,—marriedTo—>,23168,207a161c-0485-425d-aaee-d9c9fbbd842d,
25157,b642d3b4-1f30-4f3f-8e5b-936cc9def585,—marriedTo—>,23554,cbff4beb-4d5f-4935-8be8-9e4d6ae116dc,
25698,b6544bac-5e05-4cc7-a3fb-03ec43b3b707,—marriedTo—>,25130,53fb36dd-7af5-459b-b96a-6a88107a7977,
24077,b69abc3a-5c09-482b-9c26-a822fe3665b7,—marriedTo—>,23655,ccfc3b66-feb7-447a-9645-df6bec7e0100,
23341,b6c8aa5b-9c11-43c0-b0c2-244904789492,—marriedTo—>,24067,6d320be8-1b52-4089-80d8-e00115d25c4c,
25598,b6e7d38d-916f-4781-aaf7-7eebaef96703,—marriedTo—>,24903,e69f583c-7857-41e2-ae65-9eb923554426,
25070,b6f1d356-2152-4d20-b125-65ba0720228d,—marriedTo—>,23252,8019c711-b480-4f6f-92db-300acc35fa89,
24916,b7348bab-5c1e-40cf-b5a1-39f8ef5dbebe,—marriedTo—>,23190,37e47d1a-72be-42be-bd0f-ca2373011fbb,
24961,b73f0afb-cc75-4fd1-a163-9a2edd1614b3,—marriedTo—>,23841,bcb72d86-9750-4d58-a96b-21651c620521,
24961,b73f0afb-cc75-4fd1-a163-9a2edd1614b3,—marriedTo—>,23658,6573ec60-bb5b-4fdb-b413-71b00b402f6e,
24961,b73f0afb-cc75-4fd1-a163-9a2edd1614b3,—marriedTo—>,23286,1e32a940-c999-43f8-9bf4-bfab93bcf4c4,
23842,b757cfc2-cb2c-4c52-90bd-22d0deea8b12,—marriedTo—>,25143,61af4eb5-eb0a-42ee-bd2c-ee78ebecf0f6,
23542,b761ad94-b4ed-4d89-a30c-e7310571cb5d,—marriedTo—>,24143,7125ce06-5197-4027-ae69-e4a90f043b49,
24309,b774585f-cf03-46b4-8ae1-b2623d819d7c,—marriedTo—>,25876,c7621c33-438b-4f8e-a5d0-0f0c24048f01,
23467,b7849ebd-0dd3-4d5d-8ab2-9cd920b30960,—marriedTo—>,24629,488b82c3-1fc9-46b1-a5b6-505170d68cd3,
23332,b7b1dd88-a68c-4c6a-ab5d-5f28e0d559e0,—marriedTo—>,25211,9ccc5d94-0386-4186-8542-c64a4a714ad0,
23449,b7b8e077-ecdc-4dc9-b09e-805118e01d8d,—marriedTo—>,24801,d95e41ba-6e07-4254-9d39-9817a57406fb,
24684,b7cffb20-684b-4c62-8c70-4f4e314cc716,—marriedTo—>,25739,476323a6-8a14-49c1-88c1-56cb453d4487,
24684,b7cffb20-684b-4c62-8c70-4f4e314cc716,—marriedTo—>,23376,9d2021c0-b316-4c24-8e37-6677e7f369b1,
25672,b7ff69b2-d123-44a2-acf3-b59a530d5ba6,—marriedTo—>,23776,70d5163f-5568-4fde-8c30-fda847ac36f1,
24308,b804bdf0-1b09-4cf2-86e7-77a718053ed4,—marriedTo—>,23560,51e11031-37c2-4261-ba51-8e55543310f9,
24308,b804bdf0-1b09-4cf2-86e7-77a718053ed4,—marriedTo—>,25855,844dedb1-f76e-4e36-bd5c-1308a4b1e866,
23128,b80c502b-72ec-4544-a7ab-aad42e91a73a,—marriedTo—>,25456,003832cd-591f-41ee-b42b-a982e61e8d29,
23523,b864c194-dd90-43ed-be07-bee344df8f07,—marriedTo—>,24153,2c9d4338-b4c4-4e96-a049-818a61e32acf,
23055,b872f4cf-2960-4a23-8633-8c98cef3e3e9,—marriedTo—>,24172,6ba1edcd-2247-4dae-829c-1c964b8bb1e2,
23567,b8846d13-edca-404a-a196-01191a5c1a44,—marriedTo—>,24831,aefa1263-624c-4893-aeab-68be8e195d04,
25768,b8b81647-afb5-4532-b266-e7d083f4835c,—marriedTo—>,23797,50a9cf75-4859-4879-b649-a9024ca998aa,
24420,ba308696-ea7a-4f5d-9e44-588a8a17f34c,—marriedTo—>,23616,5faf00eb-4891-4d7c-b3d3-99d988969347,
25778,bb66f9e2-ab8f-4f23-b4d4-eaeba182b54d,—marriedTo—>,24120,e142f2b2-f037-42f0-9a9c-5df47edd657e,
23847,bbb95af9-8ee8-44f2-9b70-e605cdce249f,—marriedTo—>,25120,263fa9db-4b2e-4f77-bb3b-a7df5b2bcf3e,
25801,bc797eee-6e18-44a9-baf7-062af14aede0,—marriedTo—>,24442,7da195ad-fd87-4e82-bbbf-6e799fe039b2,
25203,bcfcf535-d30c-4d37-9fab-75e8cdb242c0,—marriedTo—>,23203,4d159acf-21f7-445c-9fe9-f4a408eb6d7d,
24231,becb8647-6507-40f8-8eb7-de8678d8d8a2,—marriedTo—>,23671,6477fe20-a1f6-4256-9d78-8b5403e8227e,
24647,bf20aa3c-4bd2-4e3b-9305-84697b43c180,—marriedTo—>,23041,635037b9-8368-4fbf-9f25-244324d656d3,
24245,bf54c0a4-db4e-4b4b-a25a-1edb1f2484ea,—marriedTo—>,25287,4453e243-3d81-4487-b7da-bcc4be33a410,
24108,bf7c26d3-f5f7-44ad-a712-ca6c7e9aa11b,—marriedTo—>,23085,88d229a1-97e9-4e47-b698-235ea92fd8d3,
23406,c0277a21-40c7-4ea1-af23-61f95079ecd7,—marriedTo—>,24955,eaab6276-2f60-482e-a084-b0a9c71ac92b,
23314,c079b09d-5d13-4aca-a952-06b1970fdc09,—marriedTo—>,24188,9dc4d884-d05c-4dec-929b-b82a55879cdf,
24965,c0f08915-d9a7-4af6-b569-acc33a7f6f61,—marriedTo—>,25482,c08caa59-d933-4c13-90e9-ddeb2952904d,
25787,c1505791-c8cd-4ac4-aa1d-dccd9215d058,—marriedTo—>,24622,50873262-1668-4aa0-be63-a1422d5c672a,
25700,c16b5a2e-f503-47c9-a858-3e46831ce9f2,—marriedTo—>,23803,dab5a421-ad4c-4cf6-991d-e0f1ec4e8e78,
23382,c1a83832-7088-4155-8004-49f2d9eb7ab4,—marriedTo—>,24567,c6ca4246-8a1a-4637-af1a-1f3d085affbf,
25056,c23c0cb2-d2f5-46ab-8738-59c89e5a87c6,—marriedTo—>,23004,db535961-f6a8-444e-91c0-51ea9b8d8e91,
23302,c29df6ee-496c-48db-8248-ef60deb3b5f4,—marriedTo—>,24974,bdad283c-6deb-44eb-b9a2-f0d6208b0a2b,
25334,c2e07739-292e-4023-8451-5f9ea64e635d,—marriedTo—>,24631,90bc5618-5b3d-4c10-8b74-707391728d0e,
25421,c39d09b0-d761-4d32-93d1-191e08882367,—marriedTo—>,24994,952e27ba-7639-4711-b448-057ff31d0300,
24257,c3d2715b-db44-4727-86d2-fdd9cddf9391,—marriedTo—>,23243,3c350e78-65b8-4ccf-9f14-3a04ae4a58a3,
23266,c3ffe521-5ead-4679-82ca-c1be20fa3ba3,—marriedTo—>,24991,514a2f71-5631-440a-8855-8d7054726cfd,
24874,c4733b55-53ec-499d-9219-d2ade6e5028f,—marriedTo—>,25535,4108d3ff-4cbf-40df-9bf9-0de9ffeab9ae,
24538,c4f3b534-2a83-4059-a849-e6a0478567f7,—marriedTo—>,24215,fb9c8ae9-dd94-4112-9765-92793b2e3b99,
25160,c521d451-ab9b-4560-b59f-97e45a67b842,—marriedTo—>,23350,22144d54-ccaf-49a6-ac3b-ab5ab57a4ea3,
25160,c521d451-ab9b-4560-b59f-97e45a67b842,—marriedTo—>,23712,a3d49b8f-6ca2-452a-8b2a-d41a73b7abe9,
23886,c5a25424-38aa-4724-ad04-30eca9d71dd8,—marriedTo—>,25545,0cc98a14-d151-4683-8e2a-808cc9fb02a0,
23131,c637e183-ddf9-467e-8c2c-f295f14ee7a3,—marriedTo—>,25126,97ff8188-c642-40bd-8e25-0cb2eae34277,
23956,c6614569-e046-4b20-86b8-cb7430bfb61c,—marriedTo—>,23000,145c7226-6bf0-42f1-9d07-2dc4e07abc96,
23956,c6614569-e046-4b20-86b8-cb7430bfb61c,—marriedTo—>,23714,96077fb9-be1c-4ee2-ae71-43b14ae61ffe,
23335,c6ac11bd-8577-4aa7-8632-2da9720f427b,—marriedTo—>,24125,376a5562-4174-4067-8d82-4826bb643115,
23833,c6b38bbe-ffcd-45cf-ac72-5bb0c7e6b825,—marriedTo—>,24986,dc207417-a92c-4486-8f0c-b91c8006afce,
25088,c6d9823d-ea82-4625-b08d-39455347dd77,—marriedTo—>,25506,5b25930d-096c-47fc-b7b6-ce14b5d982c6,
23157,c73dacd7-f0d0-4263-982f-2152447b1cd3,—marriedTo—>,24793,b1f9f4ec-cf6b-4e02-8540-f184db3deb71,
25008,c741009a-bd66-41c2-9b97-d12c4cc1053e,—marriedTo—>,25259,c4f54093-d1c2-4e7e-84ae-adbd06bf1f5c,
24393,c7543685-1077-48e1-952d-a0e0ff1da71f,—marriedTo—>,24779,ea7a1fd1-d187-42f0-b33a-d8183bb8982d,
24310,c7ebdb5c-5500-4f0a-8b31-a101c269b295,—marriedTo—>,23561,58f79ed5-51bb-4889-ad95-3de5505d3618,
23779,c7f012e3-7d8d-41b4-a388-f8e1920410c3,—marriedTo—>,23447,837c4cfd-adc4-491d-a328-f6fc14ea7479,
24016,c83ba0b3-9175-404b-b17d-edd925b78b00,—marriedTo—>,23010,abb9f25d-8b50-4baf-a8d0-478a97c91bc0,
24969,c84228f3-da99-41ff-909e-bb97e87d0406,—marriedTo—>,23564,3ff707d7-1cd4-4f8c-9784-2e0efc872eb4,
24878,c8c05479-0cdd-4c48-9360-f417e3b79d8d,—marriedTo—>,23242,6cae7248-fee1-421a-baba-4a0bfd2526f6,
23182,c9247d00-d089-440e-9c1c-3d1cba1d69de,—marriedTo—>,24710,4f2bc589-4495-456f-90f8-f725870a843c,
24540,c9ccf7fd-cabe-443a-a01a-49ebe35a8e4d,—marriedTo—>,25417,2f63dc1c-c2c6-4087-a494-0f42e66da7d1,
24686,c9d53203-414e-4c54-ab74-a3e049a961e2,—marriedTo—>,23104,5aa58604-3250-4275-abbc-8c241b190290,
24156,c9e9aa7c-2d99-4374-9ee3-74e6067b7c0f,—marriedTo—>,25544,b8a9881d-664d-4318-8a33-a8ed4087a5ef,
24156,c9e9aa7c-2d99-4374-9ee3-74e6067b7c0f,—marriedTo—>,23855,04dbe16b-76fd-48f5-9212-4f48efe6eba1,
25423,ca08f7a1-eb73-4c69-aba0-c412a67a73f6,—marriedTo—>,25018,84c02434-caf4-40e0-b196-88d54df06deb,
23217,ca71aaee-1527-4436-acca-238efb86d8da,—marriedTo—>,23932,b3dcd007-badb-4dec-abe3-039ef462f0cf,
24255,ca9bed30-38cd-462e-b4e4-33b0b96757d8,—marriedTo—>,23571,119035c6-45fe-4fda-90cd-660d1e31d54b,
24236,ca9fa6c4-d924-4a64-9056-f304e3aaf4c9,—marriedTo—>,23473,5f66e761-0641-464f-bd2a-582b557b6749,
23303,caf9fa37-3773-4171-ad06-e7e02aa5bcc0,—marriedTo—>,25003,b59175d5-445a-491a-92be-0324d3cc2089,
24344,cb6a38ca-cdb9-42db-a0fc-1f59ca979a83,—marriedTo—>,23045,1633f4a3-a6d4-4866-94cf-342c55f22768,
24860,cb7e721c-ceb9-472d-8745-a780774d182b,—marriedTo—>,25375,323f177a-2bf3-4c86-9120-fd883f493288,
25350,cba89d74-e1dc-458b-808e-04e77ccebf49,—marriedTo—>,24058,8974f9dd-6725-4bc0-b23a-ddfedc52012a,
24316,cc1b162d-7d29-404c-bc5c-15b9e19c02a2,—marriedTo—>,23563,33f15bd4-480b-41b7-9bd0-37a7c035f855,
24431,cc44b034-2c78-4fa5-8b61-56baa0eb466c,—marriedTo—>,25331,6074cc80-3949-42ee-beb3-0f17b3aabe22,
25238,cc6d0100-dbe9-42e7-a087-b88b4a7d1626,—marriedTo—>,23175,f16e51dd-6f62-4887-9dfd-fb888f9c9df4,
23728,ccaa86db-3ee1-47fd-9ea0-62dabceb412b,—marriedTo—>,24580,fb895856-6716-4ed6-953f-1489cacda0fa,
25812,cdbe6ba0-3fc7-467a-97e2-346114cfdb09,—marriedTo—>,23895,6bcf1ce8-86ad-456c-ac92-56e9f648bc46,
25089,cdc9ec0c-ddbd-4db2-873c-a4496a6e7fd5,—marriedTo—>,23458,7bc206a8-d124-41f1-b0ad-120d053d548a,
23941,cdff68fa-95f4-4e17-ae2a-f6d99ff0fc6b,—marriedTo—>,23272,2dc5584e-e810-43a7-b8e3-dd97edbd7eae,
25769,ce51741b-b5de-480a-b3b4-155bfde6255e,—marriedTo—>,25094,5a36a81a-67e5-4164-8f9e-f9f1cfef6cbf,
23419,ce87fb61-4591-4e61-861d-51aaa0da65a4,—marriedTo—>,23986,e965213c-49e9-4f55-9aef-16cf4736243e,
23419,ce87fb61-4591-4e61-861d-51aaa0da65a4,—marriedTo—>,23852,4adf80e5-1ab8-46b1-a868-1a17bf37c0c4,
24168,ceb24af3-910b-4941-ad2a-595493734584,—marriedTo—>,23491,19bfc93c-3c72-471d-91d1-7f70ebaafd52,
24001,cf9e5c47-bb66-40ea-8645-931941545738,—marriedTo—>,25285,cd7b1554-f53c-4395-b14f-a36688425865,
24397,d005b96b-547d-491d-835a-512f4ff9a6e1,—marriedTo—>,23363,a9b9a97b-066c-4f41-a674-524c42e5c8fc,
23568,d09158ab-4aae-4f47-8086-bfa84ee6a61e,—marriedTo—>,25131,35b56b71-4095-45ec-a0ab-240fdec702ab,
23054,d0ac0c3b-809b-4d46-9b3e-7578b33ef04c,—marriedTo—>,23609,f37e866a-394e-45b5-b904-6e006caa0896,
24436,d15738f3-4787-41d1-8449-7712fcbf7557,—marriedTo—>,23166,2a5e6028-7245-4cce-9862-27940fc6f2e4,
24436,d15738f3-4787-41d1-8449-7712fcbf7557,—marriedTo—>,25826,a0f34a06-1f43-4b63-ac5e-79b436270367,
25587,d1597673-3982-4014-8d28-01a40a964fe3,—marriedTo—>,24733,53c7f66b-2f90-445a-b756-10dd35da0efc,
24352,d1eff42c-40d8-464a-863a-beae10bac0b2,—marriedTo—>,23536,c757d7d0-cbef-4815-944f-8e5f2ec18897,
25379,d250c049-ae82-4c9d-9101-1af58526ee2e,—marriedTo—>,24187,699df053-04fd-43b1-93e6-13be860b9019,
24512,d314db91-8f58-4fbe-8da1-f722da52f2d0,—marriedTo—>,24463,d37c6f3b-7af0-4aa6-b4a3-41c803c6bb91,
24132,d38db898-243b-477b-9615-61f6898b5243,—marriedTo—>,23541,21c3189a-7ea5-45d1-be7b-6cb1de96eb1f,
24132,d38db898-243b-477b-9615-61f6898b5243,—marriedTo—>,24193,59f80a01-d3c5-46cf-9e74-734443a1a493,
25858,d3a9c379-d12b-4652-96dc-d8ad9171f6c1,—marriedTo—>,25015,2646fb1d-5604-41fc-857f-6c4226afc26b,
24248,d4434710-f83f-4414-bb6f-0b8ea7bdb81e,—marriedTo—>,23664,ca3c99ed-d2bb-461e-9842-225b580d1a92,
24034,d45c590b-8a0a-4ad9-b3b7-75a6208c52b2,—marriedTo—>,23263,63666608-2e0f-45dd-82c2-3db353c9f321,
23441,d45cb5d6-9480-42b4-9d2b-aa569d82c5e1,—marriedTo—>,24822,6a6d9bbb-65d0-4fd1-b255-2f33b5ade098,
23405,d464278e-7cd5-427e-962a-4b15b7da0c7b,—marriedTo—>,25137,06b6c1b3-c092-4ac3-b1f8-18e985991c67,
25315,d4675203-5d5a-462c-ba7a-37b21c71d525,—marriedTo—>,24811,7e84c186-9a81-427d-82a4-5d2107b3c3c3,
23677,d499872c-c17b-4e7e-9318-b210840e8e9e,—marriedTo—>,24573,ae5172b7-8931-41e2-bfe5-a34cca6b2a64,
24381,d4e3541b-372a-4093-bddd-9acbc8afbb80,—marriedTo—>,25097,3d757e85-1a84-4256-b058-4c0b8a7cc21c,
25349,d4f40751-63da-4f15-a12f-a91347f6943d,—marriedTo—>,24374,4088b982-a9d1-4ea0-801c-54c64e9639e2,
23309,d52f0470-0a18-44ef-9976-acc211148a3c,—marriedTo—>,24116,41689e6a-a163-48de-8970-645e665cb1b8,
24030,d5d60004-4d05-4495-9d38-9ffc471099c7,—marriedTo—>,25560,75075506-ad89-4c71-92cd-b83dae0ad672,
25706,d64852dd-80a1-4c47-9124-06cb9ab2fdfb,—marriedTo—>,23242,6cae7248-fee1-421a-baba-4a0bfd2526f6,
23250,d6d5d3d0-1846-4251-9a26-9acb6a497135,—marriedTo—>,24189,eb1c601d-7897-4fc0-9978-e3ede79af451,
24958,d732c550-0f91-4be6-942d-841fef6d0b32,—marriedTo—>,25337,9d5d1cd9-037d-4d0e-9d76-fa2d27a806bb,
24958,d732c550-0f91-4be6-942d-841fef6d0b32,—marriedTo—>,25836,cc2bc7b0-2492-43ba-bed3-d9c2850109b4,
24882,d7e16e63-83eb-4a3c-bcb1-f727b0b75095,—marriedTo—>,25432,c0418c1d-73b2-4d51-bf93-d1cad41d1579,
24166,d7e89938-d357-4c36-81ef-abc2021d1d84,—marriedTo—>,23821,b44a3d30-5a8b-4d74-8635-a9984298bc00,
25029,d8546d78-dddd-4b00-ae72-5b4d43d93d55,—marriedTo—>,23345,ef9a8030-80cc-4105-8bbe-f622ec7a553c,
25862,d85672d0-504d-4e6d-be30-11aaa8e6caf4,—marriedTo—>,24195,2355ccd2-cf9b-4f3d-86f0-58b5ca463949,
25786,d8673e6c-a763-45a9-bede-9db44177c446,—marriedTo—>,24746,7b047f84-0b6a-4488-b823-58b94ffeb417,
25572,d99defea-93d9-4c0b-bd2c-2e3ab08114f7,—marriedTo—>,24795,c1c899f9-1e7f-4528-8bb8-07c948e55702,
23057,da066736-02cc-4273-9c38-e74ebdf1b98e,—marriedTo—>,24355,1cc49be5-d42c-46eb-bccc-ecc1f95c3344,
23347,da0a9682-1234-4b34-85e2-8b7b131f211d,—marriedTo—>,25210,8e4dc2ca-62fd-4403-8430-f46f47f9bcd0,
25011,da3ac49e-3a0c-47ab-9011-a90b59e57faa,—marriedTo—>,23340,153c06ce-2b79-4105-90f8-cd7a54426f11,
23902,da9aebdf-fa23-422d-a982-af59e39aff95,—marriedTo—>,25341,e1eb9b72-30b5-4161-8ed3-0b4aca90283e,
24031,da9e1ec3-7d73-462d-80ce-bb0db4b5e127,—marriedTo—>,23640,bf796e89-1888-480c-b6cb-94b4c1e46d6c,
24504,dac1d753-5296-47f7-9226-dfcef1c70b67,—marriedTo—>,25171,21459f0f-b43f-41fd-bb26-650fd891e6ad,
23525,daf3a764-2ba5-4b54-9fd8-8c0711100210,—marriedTo—>,24763,82278ea5-2d98-4fcb-affb-0ee4eaff59fb,
23432,db3f1697-1537-42a4-b2a4-dbfdbbdc8077,—marriedTo—>,24788,699055ea-e9ce-4cbf-87e7-ba444d0f43f6,
25508,db59ec91-afc7-4276-8efc-138bcea1a795,—marriedTo—>,23870,d75bf206-9bb4-44f5-8f69-6d671742effb,
25563,dbaacd71-9aed-4009-b61a-6c0bd2594cf3,—marriedTo—>,25169,561d88ba-04e1-4759-9734-a6e521693d8f,
23865,dcb6f5c6-e2cf-4d9b-b638-135b84602dba,—marriedTo—>,24854,59c4d27a-258d-4da9-a139-1e51494e4b91,
24869,dcc348c4-49eb-47b9-97c0-9f5d733313e1,—marriedTo—>,24284,a4a637bd-b46a-43ac-82e5-3a7eedb8bc72,
25784,dcf06b59-d19c-4fef-9e20-bb13900853d2,—marriedTo—>,25278,0efc2e69-eb99-42ae-b1bc-87673778999a,
25369,dcfee893-a82e-449b-86b5-e962853663e1,—marriedTo—>,25098,484a9591-1755-4935-b132-eaef6b24e27d,
25296,dd304ea3-a9b9-4596-97e1-a1a22f8480cd,—marriedTo—>,24743,5594f1b7-5fee-40fa-bbb6-785db7be8fb2,
25610,dd82f6db-5c86-4ab1-9923-3eb529697727,—marriedTo—>,23765,524431ee-320f-4471-b13a-81f7fb22850f,
23358,dd8acb84-1466-4278-9275-4963e1dc7bd8,—marriedTo—>,25016,8f7bbc49-f1cb-4701-9e7c-690c6b0331f0,
24493,de716f66-c6b0-4360-8e60-652994273676,—marriedTo—>,24812,b1680adf-35c8-4da0-8b79-06293347f83d,
24844,def91c21-a7b6-4144-92ad-175f5e445a4d,—marriedTo—>,23043,c2ea2eda-53d4-47c4-a4f1-5b54e6a89073,
24967,df1c45f9-9ea6-406d-a8ff-1ab5bb01e79a,—marriedTo—>,23584,7627597b-e671-4c63-bb39-7c481fffdf07,
25534,df315615-35ce-4e02-86ed-6bf2e004784c,—marriedTo—>,24773,ecedf3d0-6224-4297-8131-c31e6fd37ea5,
23060,df5b7f51-d6db-45f1-8712-9ad9355561f5,—marriedTo—>,24759,8035f718-81a8-439d-a417-9cc7696c705d,
24662,dfc84124-cfb2-411d-91b4-aec55a9f5688,—marriedTo—>,25774,6da2f159-0706-49ec-9c33-e61683c32db4,
23086,e0e125d2-f04f-40c9-97dd-74c93390ab8a,—marriedTo—>,23133,6db335df-3f6c-4d43-b95b-ae7c96ad318e,
25059,e103d730-087b-4ce9-abf7-8938091b0cc1,—marriedTo—>,23499,7d11323b-8c23-4c21-a184-b10a06984358,
25502,e1370a19-1ad4-4949-9c0c-3281e97a68f2,—marriedTo—>,24047,ee30dfd4-617a-42b1-965b-7ffb3a3a8a93,
24946,e14adf9c-5053-446f-86fe-cfea406988ca,—marriedTo—>,25549,983dee24-73d5-4acc-bc4a-de923e4b627a,
24966,e14f6d14-55c1-46fc-abb1-8a7f8055ee67,—marriedTo—>,25554,9707240b-da07-4d83-8690-812fb7a3359b,
23863,e1eb7061-059d-4725-b639-0bf2b44299ab,—marriedTo—>,25226,6dff2343-3e35-43e5-ba7a-7a03be7ec9e8,
25148,e209ea61-8df8-40e1-9e1b-8c8868e22afb,—marriedTo—>,23756,9454ae48-d7d2-409b-b57b-20abb379e900,
23966,e28ac5a0-dda3-4b7b-a096-9506272846fa,—marriedTo—>,25753,10fc34be-7321-4cfd-8bab-447e0f90493d,
23966,e28ac5a0-dda3-4b7b-a096-9506272846fa,—marriedTo—>,25737,81d37696-0c36-46de-b85a-05d1fa00be78,
24312,e2df4018-7bff-4757-a66b-7f88e837f5d9,—marriedTo—>,23395,3f38c4cd-f982-42a1-bbd2-6f511c2e228c,
24006,e30620b4-80b9-4eb3-923c-9678ae7a2aee,—marriedTo—>,25367,ecb86666-2282-4f46-9f05-a8cbf9430a39,
25322,e30d5a61-55ab-4eb1-a7ba-d5a24851bdf4,—marriedTo—>,23364,b2b96b56-fbbe-4f0c-9e6d-7324c9df69df,
24450,e3a5cdb7-a9c4-4068-b45b-1e0011b92a7e,—marriedTo—>,23991,fe377dc2-4a59-43ba-9fc7-6b63563ce558,
25727,e3eacaed-0a50-4ca2-83b3-f97f82a3ff86,—marriedTo—>,24272,0c146368-b653-4938-a564-8aeadcc8921d,
24201,e51506cf-2b62-4a9d-abc8-42521527ec9f,—marriedTo—>,24724,4c6b89ab-e546-4606-bb42-783ad9aaef1e,
24875,e51bd674-e1f8-4328-b248-e646d0ef304c,—marriedTo—>,25532,3e632c3a-3c81-44b3-89c1-0c5d0da82806,
23355,e5e1e1e7-71ee-4abc-8b55-5c33de9e0c79,—marriedTo—>,24792,1963f136-761a-4269-a637-5c54f67c61b1,
25046,e5e8cff9-bb7c-4be9-9cab-aa6b84bfe771,—marriedTo—>,25313,8a45368e-50b0-4947-ad44-1a9286241b84,
23968,e66213d2-64aa-4a09-b5ce-7dd85afe7701,—marriedTo—>,25358,4cd3df5e-0b79-4e58-9a5e-9dc59502b840,
25618,e68aaef1-7a7c-4527-9e6a-7d40510c90a4,—marriedTo—>,24976,36efda92-18c3-45b3-9a3b-68e9f87b2d16,
24494,e695fd9f-7a32-43c7-8717-731ebe4124dc,—marriedTo—>,25370,8b96c638-79de-44a6-b0c6-cd3576b25630,
23471,e7030ec9-9a54-4717-9eec-4ab523d71718,—marriedTo—>,25162,f6cf61ad-7542-4808-8e98-d2aa292d39cb,
23418,e762e0b6-0d4c-4985-96c3-38727b8d45a9,—marriedTo—>,24122,58b24c9c-ab4f-45ce-9a5a-41b713d5ec8f,
25527,e8237a4d-9717-4949-b0fb-c87338457938,—marriedTo—>,24634,073a0452-d0e3-4564-b994-ab08bb46fd8b,
23692,e86c71e3-62d7-49a4-b65a-6f5c859c0f6b,—marriedTo—>,24783,99205b67-23f6-43ef-b1dd-c4e4864cdbb8,
24005,e89876a3-f461-4579-a196-7d1d92d2309b,—marriedTo—>,23153,5e85e5a9-9603-432d-9ae4-e8027238e38f,
25220,e9e55e7a-4fe6-4793-a562-a497c086a742,—marriedTo—>,24238,d86518d1-fccb-4891-bf8c-6ad0a407d432,
23600,eaa2cdbd-c39a-4af9-ab65-1d37f4817eca,—marriedTo—>,24671,81ebd061-5854-4647-b149-aac590873645,
23823,eaeeda24-ab84-495d-bb3d-a7d5d8ed1306,—marriedTo—>,24764,7646c30f-224d-4d75-969e-effe58acc3a7,
24371,ebe78b8e-2bf0-493a-9a54-ff23e708c52b,—marriedTo—>,25817,186548c5-c0c6-4643-a0eb-a0fbe982d4fd,
24371,ebe78b8e-2bf0-493a-9a54-ff23e708c52b,—marriedTo—>,23191,4741530e-b56b-46d2-9357-80a4e1ccb027,
25880,ec28dbf9-f652-4e68-8479-96b7da65e091,—marriedTo—>,25207,2d5888c2-c949-485f-8725-2382f77b8cea,
24894,ec350a11-882e-4ffe-8058-af0067fad526,—marriedTo—>,23634,8d5a2b66-4c12-4d33-b417-e0c85eb61558,
25873,ed0a1ff7-d535-4e48-b9d6-00fb23504677,—marriedTo—>,23791,be03862d-7a98-4c95-aaea-ebc3d0842fa4,
23864,ed55d145-a99b-4806-bd4e-ea12723c2dcf,—marriedTo—>,24216,eaf77e7a-8b9e-4efa-a37d-26828f391e30,
25468,ef1ea5d9-63c0-43d6-b6ad-3a3e1cad7aeb,—marriedTo—>,24447,5dbeb818-c0a4-4025-a9c0-a1da9b63d223,
25291,ef24a239-05e5-4d82-97fd-890c5f06aeb4,—marriedTo—>,24938,da6b4711-1403-4425-bdca-a0e042184614,
25888,ef5d0ad2-24dd-4622-b4eb-229dff076993,—marriedTo—>,25039,591bbbce-0063-4d76-9313-4cd06fafcabd,
23732,f0285d81-e633-404b-bc00-4bd84538c28e,—marriedTo—>,24786,8896ddba-292f-45d5-930f-1a9a422e69b5,
25035,f04128ca-f33d-4c1b-94fb-14bb23a3c8c2,—marriedTo—>,23737,7d8fe1e2-77f9-462f-8dec-2f552abb436b,
25035,f04128ca-f33d-4c1b-94fb-14bb23a3c8c2,—marriedTo—>,23694,cad802cb-6d3d-4393-abdd-1bfae94155f8,
24542,f10edddd-52cd-4582-93df-cae58ad2cb4d,—marriedTo—>,25438,02e37316-3a4b-435c-a0a9-aa23e0b7c025,
24542,f10edddd-52cd-4582-93df-cae58ad2cb4d,—marriedTo—>,24365,07643c14-43da-4ecd-861a-f8620f59f594,
24100,f18878e3-d4f6-4ef2-b9a4-40566f6d6617,—marriedTo—>,24084,bc879450-eb65-4fe2-a817-75278ebdd8f0,
23024,f19bf547-487b-4b91-93c6-95483b41c993,—marriedTo—>,24190,bc92b2be-d096-40ba-b8ee-6e96bef0a6bc,
23256,f21921fc-d15f-485d-a145-b74fe55e6cd4,—marriedTo—>,25021,915b8e3d-86c2-431e-b016-0635f730435d,
23275,f30a3db7-e201-443b-a378-74ae052bda16,—marriedTo—>,25199,fc244078-3458-40c3-a73f-618f314901f0,
24011,f361464b-873d-4eb1-9f42-66f54dbcbb3c,—marriedTo—>,23036,6694b635-2ab0-452c-8619-4e84efe2ae7f,
24011,f361464b-873d-4eb1-9f42-66f54dbcbb3c,—marriedTo—>,23673,3d974447-c1ff-4f0d-8276-1494a9d14cdf,
23146,f3fe8d3f-09e6-429f-afe8-7f7b6d5291bb,—marriedTo—>,25717,0d666197-b78c-4626-9369-3ed943da7d34,
23199,f451e2f6-c6bd-49f7-9bd9-7ebada821860,—marriedTo—>,24593,90c089d1-791a-46be-acd5-41bc8d1301b3,
24680,f46e3088-9f1d-4d0d-a8c0-d00373b46717,—marriedTo—>,23160,ea178f35-8814-46e0-b8b0-a2cde5badbea,
25578,f4e87e39-b0f4-4c94-a20f-5a4ae7c58101,—marriedTo—>,23948,56b8b21d-cc59-4ed3-a8cc-364fa02db7a8,
24375,f4eac4e8-3bcf-40c7-9718-f0f4b86c69a0,—marriedTo—>,23016,2e85f439-99d1-4d3a-b90b-e518519ee836,
25277,f554ea81-5a81-41e7-b6d8-0a08de92a0f7,—marriedTo—>,25275,0a755ced-7e64-425a-b868-662cb5dd0780,
24919,f5d504e7-7dfe-4345-8413-c947e04942a8,—marriedTo—>,23675,6f108413-84c6-4d40-8b75-97d4fe54a766,
23921,f5e51b02-7f30-4ca6-b5cf-bca82d36ca4e,—marriedTo—>,23592,d7ebe35e-c648-4e6d-b716-8dd38f0b7944,
23357,f60f83dc-a4a4-49e5-8ac3-8f38ae407696,—marriedTo—>,24975,a24b279f-dd17-4839-b7af-b4eab4e0268f,
23172,f6d9af94-125f-4960-9b10-dd5b53549800,—marriedTo—>,25019,0f70c654-339a-4f88-8b9c-cf585fc41abe,
23769,f73007db-d5b2-42c5-91a2-e239ec897e18,—marriedTo—>,23099,ae9e343b-54f8-418d-9ec9-bae0b3396918,
24749,f75a14af-9e32-4e8a-8029-0615033fc37f,—marriedTo—>,23075,71760824-7560-4f3a-83db-ba5a00c2ce89,
24472,f76b4228-f4ce-4073-9a2d-ae944476170f,—marriedTo—>,23994,8d49c1e6-14f0-41c7-92b9-4d03f8d4aef1,
23718,f78010aa-38b1-4296-bb6c-e0a854466a20,—marriedTo—>,24147,df903e65-d760-4fc0-87e7-924291ba3b3f,
25084,f80be426-53bd-4a9c-85df-9580bd4dbf20,—marriedTo—>,23051,a2abfc4f-e83b-40bb-9e25-021101767ee9,
23306,f81662cd-9e2d-4baf-9cb9-fb53c1e74eb7,—marriedTo—>,24373,c949354b-2623-4ee1-ace2-1ef06519096a,
25851,f866a727-6c4e-4284-96a1-7efb686e097b,—marriedTo—>,24630,3e3a05f9-33f7-42cd-b505-8ebf511014f8,
24503,f8791d2a-6e2e-4c7a-866d-a0c821f68c54,—marriedTo—>,25816,868a0092-6352-4d4b-95f3-959b7e619b6e,
24872,f931942c-71c7-418b-9699-f8362cd4c875,—marriedTo—>,23015,d8aef0d5-01ff-4ad1-b13c-bdc800459b0d,
23337,f95cb426-fcd5-4f36-8a79-d3bee887864d,—marriedTo—>,24211,af389987-98cd-4c39-8062-ef0a0c4cb621,
24425,f971d052-775d-441e-8a1d-4123c22e8cc1,—marriedTo—>,25494,53fcbf3a-939e-4fd2-8704-1309bf49ace3,
24425,f971d052-775d-441e-8a1d-4123c22e8cc1,—marriedTo—>,23633,15e92ece-63e6-4919-a511-1847805c2b4a,
24425,f971d052-775d-441e-8a1d-4123c22e8cc1,—marriedTo—>,25766,69cc96dc-bbf3-4f3a-afa4-980486a92e5d,
24425,f971d052-775d-441e-8a1d-4123c22e8cc1,—marriedTo—>,25613,b0740fc4-cc9e-4f21-835a-c6665f3c0f3e,
24225,f9f5d5ed-5bbb-4a87-abb6-22fe1e98073c,—marriedTo—>,25354,d6c62709-025f-4d5e-8158-bf53261eb628,
24296,faad4b42-bdb2-4b04-a090-8399b7839b2c,—marriedTo—>,25095,79ede81f-f6fe-44dc-8c99-3ea2df501dfb,
25695,fad24a1b-c53b-4965-88e6-1490a357641f,—marriedTo—>,24776,7720ce8d-89d5-475a-882c-21b6c607ec8b,
25234,fadebe02-ff24-43ce-90d4-9ad2d040a377,—marriedTo—>,23001,f10b1446-eda1-4eb8-8443-7c1cef76d2b8,
25760,fafb7ad6-c04b-437f-99d0-5f2e08963fbd,—marriedTo—>,25063,b1f65f82-2b41-40d2-8c12-d80fce0def49,
25344,fb3ea72d-6e64-40f8-a6fe-6d44abe058bf,—marriedTo—>,24184,5ac8fbf0-ec9a-472a-bdc6-a2039b1e5bb1,
23081,fb3f55ac-052d-4ccd-b536-1577b5f46075,—marriedTo—>,23868,8de135e8-9786-40ed-b638-182c9012f2ec,
23164,fb4e2a4f-b12e-4d35-bf7f-80792120bb51,—marriedTo—>,24565,d56176c0-0836-4313-8ad9-69d0e445f634,
25820,fbbb3162-d488-45d2-9b36-82dab627b04b,—marriedTo—>,25096,82574af3-7d75-4f13-8dd3-c7e2b28d4c33,
25879,fbe16263-96a1-44a1-8ed3-cc50b3fb7597,—marriedTo—>,25631,cf22a524-23db-40ce-b3ef-39d183551667,
25600,fce84f3e-0664-4285-97ac-6356345cc890,—marriedTo—>,23793,cee656ec-cfd9-4791-a51c-e8e7e1b84788,
24862,fd13dbf9-f11d-4185-a1f8-f4d797eb872d,—marriedTo—>,24295,f1c9abd9-5793-40b5-b556-6c4c82027704,
25750,fd1c5c76-b031-4221-857a-2b55ea5a20e5,—marriedTo—>,24402,67de3679-811e-489b-9c17-2c9f7486f8a9,
23743,fe19ffb7-d563-45df-9ca6-e1808185c470,—marriedTo—>,24115,126f91a4-621c-4d56-97c3-c530f0096b7f,
23784,fe3584da-0ccb-4881-a25d-94ef1650fd02,—marriedTo—>,25871,f11d9ae6-9338-4558-b846-39fd54e5015d,
24962,ff70b892-918c-4889-a815-b87895e89dfe,—marriedTo—>,23656,5aba82b9-b3fc-423a-9179-fb52995e7a30,
25113,ffdc385f-8980-490b-968a-3ff940574328,—marriedTo—>,25838,c7b68dfb-461d-42cb-8f01-feeb6a4d9f3a,