From,To
0dd814dc-5fb0-4f8b-9278-418dc4ffb34d,3e547eca-96d8-49cd-852f-1dbb598c0d01
a06eb3b8-a137-4509-a100-b57a18e1e38b,597650c2-acc4-4fb0-a3b0-2853bb458b10
fc75ea34-1f1c-42dc-8f05-8f753d19466c,bd7319d3-17a5-459c-bfc5-e0089291562d
08af9d46-341b-46e6-9095-d32aa1c297cd,ad0129b9-85c9-4acf-9289-1a545632ccf1
d41cf4ae-4b4e-4f8f-b868-72bb8ea83ff7,000269c9-a1cb-499f-b07c-4c3144be2b21
8700cf9a-aae7-4caa-9e9f-6977169620c9,3fd7daa1-cd6a-4ccd-b055-42d13358e8c9
5c722ec5-cf22-4b3f-825c-54913d2bedd1,766d26d4-d95f-488e-9572-bd88888451fd
e39df212-c94f-4eb3-a49b-f84cf90613fa,8e1eef53-0c94-4080-8c0f-d2dd3a76d691
03c24dcf-b280-49f2-82ed-6ff571648e80,339d8a70-f37a-450c-a9bb-259a67e46748
17a60b31-9f5e-4ca5-a7af-3c06da29e7f9,7e28e06d-56b0-4ad2-bc60-e32b244e4b80
2adb6b4f-1903-4c62-83b1-f9f6b0b9ac90,38f2dc9f-c50b-44c4-a353-8ee09640df26
5704f613-6514-486d-a819-4d79d8503502,a90106f0-dacb-46b1-a19b-1c2eda788c46
b8d9b566-88fe-4c57-98f2-4a5c6a0fb1c5,16897aae-2337-4807-b93b-4637bcd73504
a34d8ebc-43e4-4776-80a1-ed0751e89202,d82d2ee7-6d22-4c37-b14c-3c89e8d20d8f
77567b3d-4385-46a4-8ac9-4076489d4941,0dd814dc-5fb0-4f8b-9278-418dc4ffb34d
7301f032-8267-4f0f-a5b8-bcdf24ba89d2,19f57992-a5fb-4d69-842e-72854fcb70cb
0f5910c5-cf59-4fa5-b8dc-102582312a66,c292f3ba-d4ae-40f7-86b9-1445f221e064
856a7ce4-989c-443d-85de-d2cdfb2fe326,11ba24bb-a533-4622-b0bf-311cd10688b8
4ee64a79-9ca8-46d2-a229-b47180505e6a,e47d1c23-34fa-404d-ba01-3893f872cdcd
ea719b13-0868-4d4a-95df-0d05d49335e6,f0346452-aa9c-442d-aef9-6d521b653432
5fc247e8-c8d8-4946-809a-8d1fbd638a86,dc0a0846-a06c-498a-b2d6-03da2881890e
a8cf6c2b-e8e7-472f-8527-63c841b274e8,0f8e29e0-d1cc-4b1d-b577-350395ac33e9
9d56d65c-af41-40af-84e3-06bc7d906192,64862f9a-4ebe-4e60-a92f-c75912014f89
9f56c475-1bb8-494e-b49b-8a0f161b0068,0807ec80-6fbe-4437-950c-3e8a6bd6ee27
1bb447bd-ccbd-4b89-8953-b5c6d35e840f,032d0e36-dc39-420f-bdaf-16a8787385d1
700ffeff-05ba-4a0b-8c88-47dd60db6dd5,66bf0094-dc5c-47a2-a98d-4ce1877e57d7
f9007449-e5cf-4394-911a-82138bba226c,1f260244-be4b-47f6-9ec8-3e6286ea0eb2
bb2ccee5-76dc-4082-b816-a0dc4a8764f3,d0d48646-9d3c-4491-86da-89cdd5a23f14
746e61b4-725d-454d-a135-e83377ee261d,64148f9e-e902-422f-9a92-13e8398d5467
52d3bce7-99fb-42f5-bb49-16a330a36de1,dff91ea7-d1eb-411f-800e-28c0dfeac16f
884e44db-8357-4643-83f2-0e0a750def12,52ecb231-73f2-472e-a4c8-eac41fea3ad7
743ccf86-4774-409c-8261-12abfa20d40e,111d6f1f-8903-4103-bea2-fa33c50571ca
418f9573-ae3f-4957-9821-ab661606b16b,08c56b50-54c1-469e-8487-baf919c61ecd
1b11f3f4-73f0-44a6-8807-8b740a627eaf,ea9bd083-f9f8-40f2-b520-5987a6421913
96ab25e9-7bf9-43bb-9a50-644cb5c20405,4a0a4b48-7fd0-4563-a0cb-baaa93622bee
6e9bac41-0800-4a9e-a821-25ad18cafb39,e4cbe353-2465-43d8-8cff-cbcce4611005
879adf55-e916-4e8a-ae93-fed43938e282,daac3c1c-3578-4a55-823b-eeb5b6ec9922
11e3fa9e-edf8-4f52-85e7-556ad22dbc0c,b03a250c-b41f-4510-9c6a-f8f4f19a4be8
403c8256-41be-4921-9448-f17401e75b82,3668ebb1-77c6-4e50-8fef-67bc0b9e9524
403c8256-41be-4921-9448-f17401e75b82,3668ebb1-77c6-4e50-8fef-67bc0b9e9524
7e72b768-777c-49c6-be4f-653bd80cfd3f,b9503b72-761a-433f-8643-2c17d2c29df3
d2914020-7835-42c6-a8e8-2ae3ea3a65c5,f3cb1297-c6ed-4838-9730-058febbc6fdc
7aedd85d-16d2-4ada-8501-025df3cf21da,a18f92fa-dedc-4f0f-a85c-cd07b899142d
466be6d1-5f8f-4f30-a913-027035d0a243,a1f2b761-38b6-495e-a977-5176e8016f2f
5cad55eb-7012-447c-bdb1-c32d954be116,55429e8d-a484-4839-90c2-b04b298bd987
5a6d3477-700b-401d-9a1e-5c50bbbd0f91,0867dcb4-d4f6-4eab-adde-1b4bb780de1a
1dda9cdd-8476-448e-9660-53c938fa537e,95eca843-6f17-4776-8f42-0dfb9540f807
a99f4f74-df84-4dc8-bd7d-9ede89bb6b7c,0e8fbe63-ae93-4515-8793-45451d8cff51
2b7508bb-6e46-4981-8bab-7f1fa4d3f7e6,8ed0b6c3-5f7f-4478-b919-9d83ff8fbeee
11490c44-7898-4db8-9c76-d0e033d56b94,69fe8b23-2486-49b5-bc03-19e7e86a4ef7
cf08a85c-fb2c-4b30-85bb-b252afc5f69b,1b624f14-c196-41c8-9c7d-00f3ca173533
cd077546-9a32-451f-994a-db434c660c7f,bd7095d4-e292-4bad-9727-e2efd8c2b80d
9a9bc8a3-f8c4-4268-8fbf-d0b25fee9b8d,cd25da19-8d11-4f51-a568-28ee49b4c0b3
91b17d5b-1caf-40e5-96ce-a70794586caa,b74edaf3-e557-4e81-a9af-72693aa45e0e
0f0a3204-b593-4770-aaac-30796602021b,8004f56a-e46b-4112-bdf8-a718c9a68aee
ab62b1cd-9368-4da3-a1a0-5fa2d90edda3,0f63be0a-7c8b-484a-8779-c0a21b8f6b67
83e7e516-70c7-4548-b859-9691cfae5fb7,97f15119-b1dd-409f-8356-69dec76f2a28
f278065b-535f-4469-a71c-c83ec2acae40,587c4eba-42ce-42e6-989a-27a52fc399ff
c88031a4-bd80-4c51-9c32-c5f569d00ac1,5c3752d6-96b7-4749-b259-7621d7f86309
aa11d01a-df75-4872-8477-aaed96ff1fa7,134b91ec-097b-4d4e-a714-28bc89c88465
d7d2826b-bc2f-4810-acc9-0a792b36ea99,994b4a0e-c625-48c9-bd59-bea3233ae7a5
6dff3b0e-4861-4a83-a2f9-4576a7fdd5ff,52ecb231-73f2-472e-a4c8-eac41fea3ad7
3da71d74-d13b-420f-b937-28702c4f4b3e,a092ec26-f108-4b3c-90ba-5dc9c81d0b71
2ce279f1-596b-4751-b9ff-521363a16a8a,2441dfe4-e953-47f7-8e83-4ae508eefb62
bf7eba69-dc60-43ea-9eab-2bdb505689c7,a08caf7b-b313-474f-9c6d-e9705d955d8e
730bcc55-406f-4f5f-98a3-2beaa6c5d94b,148cb6e7-b93c-47b6-82ab-665f5c1ad61d
375d2795-4452-4edb-baee-8b92515dc6af,dd3950b6-3cf3-4eb6-b5a6-7b8c9b218eb0
5c1f4a37-52a9-4718-a870-51364155c712,81d0aadd-1230-43a4-8310-d1259af436ea
d28a15fd-2e71-4eb6-9c92-b763d997d6a0,e5d9e907-2265-456a-8a16-688ccb1cf254
9dd46429-dec5-42ce-84cf-8fee3758c98c,d53f59ec-fd68-4b33-b718-78f7cc154d54
87b2e157-1fbb-4e6f-872a-e998a3c308e0,75fed7fa-882b-40f0-99d7-7fcd033610c2
7e5110cc-60a3-4acd-80b0-9434a7f4e710,66a835c6-4349-4ebd-816e-2deca320f13f
9b2e57ea-ff98-4c6e-88e1-8d9b910bff2f,b52a12f8-55a4-4bed-9b4d-4de92d6fef31
8cd6f32b-1d9a-4693-acec-086e301b4047,0024454f-b501-4e50-92c0-12fe3140210a
a8cf6c2b-e8e7-472f-8527-63c841b274e8,9265f961-3634-4250-94c5-4f245c901ec6
ea04479b-99c4-4e8f-b5bd-4d32e61c1912,5d736955-178b-4d8a-98f6-f87ba0e13e4c
c5582b1b-a0d2-4980-a608-df0d45c49812,7157deb4-a5e2-49e6-a99a-cf50f0394a89
10eb9fc5-4f21-4d7d-a234-47ab53036d2d,0b3f4f07-d60a-469b-be74-77e3d268d18a
5c055a95-9eef-493a-b8f3-b9394e3a6599,410b7e48-3a50-411e-ac21-237729cd438f
efe421a1-9a93-4805-9e9d-821ca098db1b,799e728f-8cc4-42a9-be37-cfd18822e2be
3d18161a-6f2b-4e68-81a0-b88b551e691c,1f886a05-405c-49e5-b660-dfa54b28f82f
2b413710-413f-41b2-8062-554376951fe3,4a40e867-4e65-447b-8475-a74a0d6ecfe8
ff1c6988-a0f2-4ee6-8ed9-0e9e32826ed8,de0bef20-4eaf-441e-9920-ec8a3ba425aa
ff1c6988-a0f2-4ee6-8ed9-0e9e32826ed8,64fe6078-5187-4350-9d52-359f72052fb3
607c9ad3-d15a-4435-829f-54259984825c,baac5cf0-0604-4e34-a275-17a581e941ad
f183f0eb-d34c-4de1-8fa0-3b2e51b7571f,d567337a-cf4f-467f-abb5-063f95f0a8e7
f183f0eb-d34c-4de1-8fa0-3b2e51b7571f,31ad82bc-488b-49f2-b3ca-3e8a7d3a7adb
d9d89e20-9e55-4a17-a836-068eeb3d470c,067eb075-a9a2-4fb4-862b-741800e25435
9c8bb113-6489-4c80-918d-54d1975aa335,b359596b-7830-410c-8c48-3bbc87fbb559
8518414d-6227-408c-a769-7f75e545dce8,b7ac3587-ad0d-4ac1-923a-6855ac189aaf
37537583-7997-4d00-b27d-cd93f89e847c,b65be120-8ef0-428c-b14d-ffa1d473bd4e
618df26a-eb1b-404c-b075-e6f791683951,e23b896c-31ee-432b-9ca8-0f5d8cd2b86f
177487cf-d30c-4494-adf2-d0a8ed5d5048,6e4f794c-e72b-4177-96e2-88f085a5de26
27f16d2b-7d9e-4504-a8d7-41e918681fa4,033388cf-5b91-44ff-ae48-a23c580c715c
deaf3d79-18b6-403a-96bf-6f6da096aa4d,3fcab74e-208c-4e12-a466-31d6652876fa
565f82a9-acdb-402a-b5e6-67c051ab4cb9,54532ae8-1344-4a51-9290-8799ab86a3f5
565f82a9-acdb-402a-b5e6-67c051ab4cb9,23eedaf6-59b9-484e-93ff-1420681a7e7d
c095145a-7a37-4868-9268-1f4725fad412,76a75a58-e173-41eb-ae2d-192daa7ed45d
608be725-f25e-4f44-b504-a683983c6bce,27091866-6d3e-4ba1-9f69-f3d4a1c9a3a5
107ddcd8-515f-414f-b301-813784c6397f,e7afa7da-8ab6-4b1b-8c90-6f41d331de3b
364b448c-2ff7-43ee-9aa9-c91107c9d3b9,4401d6b7-b79b-48fc-8184-bd79d273b0e8
de59f508-1fcb-4fc8-8d4f-6b5faecd1c0e,f7257240-5435-4736-9c4f-ea2667633dda
12719762-c7bd-412e-9f6a-ceafccc5b8d9,addacd55-76a1-4cb2-86d9-8c2a01a01f2a
12719762-c7bd-412e-9f6a-ceafccc5b8d9,6a9cc6b7-ec62-4d8d-9a43-95e28b230b1a
a97764ac-bfee-4d85-a364-315b3463b086,3f05666c-e897-487f-9123-2c63b418b5ff
37ea491f-b6d1-4599-9fb0-e5fed8d99e67,fb99a048-99ef-4444-b891-af704d25e719
2ec5733f-6496-43b4-a441-75066fcdf79b,651335e1-7273-4777-bd48-e6f26aceaf9f
1b1ee2df-ba02-4d0c-929b-11cff9a08aa7,87338c99-7021-4d3b-9fe7-9ed5d638e944
eddfbead-64f7-4b0a-8f13-16b1db558ab1,e5980c4e-fbe6-4976-9548-dea4ff9d3f71
ba344404-20a0-45b0-bf7e-8f1ac48b51c7,d7a1d268-ee19-43b6-adbb-08df196b57b3
ba344404-20a0-45b0-bf7e-8f1ac48b51c7,7973552e-7680-477a-8063-5284221438f8
66192ec7-7aef-49dc-8e01-0f9be749c2c0,8efc2416-4b9c-41d1-87cb-b056bf2da6d3
5d657f7b-e87a-4fd2-90e5-f67a105f0549,067eb075-a9a2-4fb4-862b-741800e25435
3172070b-f66b-4ec9-a9c9-427592908864,7c2714cb-aa6c-4045-86ab-3e84a67cf712
b429d0cd-37d6-47d5-8b50-2082c966c1e1,fcbf9f95-dec6-4c82-89df-cf8e241958fa
380c1388-b4b2-4439-8717-e1ce3aff86cb,73a4ceda-d4be-4ac8-90fe-805bb088be3f
66664636-421e-49b1-9c7d-ecce716040d8,ff5c2149-0121-46df-bf7c-7da26e4bad18
9e11be09-3cb4-4de1-9f2c-41c989d6409a,3360bebe-01c2-4329-95f7-8549bb44a468
29c08f71-1619-4c87-a2d6-3655b3a5a32d,985bc15c-3b56-446e-b754-a402af99141e
8b68b9bc-3a75-4cc9-8a02-2996f4d8ab0b,a2d975ae-4a55-4e7b-8ae3-80d73677756d
2c784802-9f4a-40df-ad0b-e6445bcaf812,2f96c6e6-162e-48f3-bdc0-f7f11a326f9d
f4e75d04-cf77-47bc-b367-84e6c3fe12ad,54809dd5-27d2-4ef2-a075-7187036f51aa
72bfafd1-4cb3-4347-a566-fb20f3d27e6e,8d410a01-9998-4883-931f-bc61a520f007
a15f964b-30ef-4ea7-95e3-5cb52297fde6,56af5f8a-b433-4c47-9399-e19cde28a752
1add6b2d-7820-4a17-ae0a-291e762520b9,40624921-776f-4011-a3cc-b462027c2bbe
91305345-73ef-45a8-9b34-94d20bce7ccf,1d3c236b-1ed4-474b-93b5-4acd48d6e263
69fe8b23-2486-49b5-bc03-19e7e86a4ef7,7e399386-8278-430f-be18-584acf36e081
80fb92d4-974d-4b7d-a306-612ac8c69aa7,dcf06b59-d19c-4fef-9e20-bb13900853d2
c38b9f36-24ef-4168-90dc-7875cc11148d,151f70d2-b45e-415d-8622-061dfb0fd75d
13bf321c-8717-43a5-9304-efbab4c80baa,c286f210-da7a-4535-933e-a878e4c01624
54af5b79-277d-43eb-9c20-855b14d00d92,4f4bcc82-7e4d-4633-9ff1-2ee0e14174b7
544d4fbe-922d-422b-bfff-9e418a370380,eb7ab4e6-366c-45e3-92de-d45f2ea9900a
1b239458-bf25-4ffc-a2fb-26c64a2a06e2,5bdead7e-d782-433f-a335-35d4c165aac4
80f661e5-f4d8-4f23-8d3d-983f769160e6,dd3950b6-3cf3-4eb6-b5a6-7b8c9b218eb0
d9ce5c97-53a0-4666-9b2c-a60b6e7ee589,f10edddd-52cd-4582-93df-cae58ad2cb4d
726fd06b-cdb4-418b-85e5-83bcfd8768f8,b2e75662-01be-4c64-9b89-076c64cabef6
37ea491f-b6d1-4599-9fb0-e5fed8d99e67,f6b37c45-f7bb-4434-b895-40614623856d
50ad4701-21d6-47d7-8ff0-3b4e7e445572,0bb8a59b-f034-4877-a815-fd3cb58df7a7
ce30fbda-a9ab-4066-b34b-81fc0c3ec3a2,964c1c35-12ea-45c8-abe4-9fcea0d9b98e
ed705a2a-4243-493f-bf86-ebc35d3d8675,d7f038f2-5c30-4297-bd2c-8aa2461aff19
632f407d-6544-4317-bb3d-0e31d1509894,2b07582d-cc01-440d-8ae0-b8297d09cf53
25292b7d-da74-4768-9d4a-c9ceb2d8b894,3884ebdf-4446-40af-8371-572cd319f1aa
edf59c72-1948-43b9-b253-ecaeb87654d8,66b119ef-ad62-45c9-bb6e-d0d455d5f283
a364b535-a857-4eab-a748-0383a1322a55,b974c49a-fadd-4158-a68c-13742cf0981b
a4607d8e-5826-41b8-836b-db8dca9f761d,9c95d4df-c06c-496a-9008-63745cd5184a
a01783b4-9828-4c9d-bc64-7300a9416756,461360ec-6acf-489a-8742-1eb00b7c7082
976df7ee-88fe-4325-bf6e-6d873cb02b71,b8588401-03d7-4fef-a8ff-f366526d69b9
b9f6b69b-2ae7-4780-b881-9ba66fbee4c4,0fb97b1c-b8c4-4a80-b6ad-8ec3ee7c73f8
6269ce4d-7a40-46a9-b4f4-8b9f56f69004,730bcc55-406f-4f5f-98a3-2beaa6c5d94b
0324f1fc-8f33-4986-bf7f-25c6ac3d22ab,745c8c9f-6480-4ab3-a9cb-675c9877fd7d
1062ca11-24b7-4a7d-92ac-15c9ed8701de,0dd814dc-5fb0-4f8b-9278-418dc4ffb34d
518c3e43-d212-433a-b726-9ac84850ab44,4f5b9614-4b28-41b0-a56b-a63d8c0630c4
791446ce-f6e8-4420-a16f-ba16909e7099,00e0b2f2-a35a-4252-b6e3-336e531e9a42
a1956a64-9323-47a6-afc4-2763cb4a9e47,5001f7bb-d469-4532-8d85-cc41185152b2
d6d5d3d0-1846-4251-9a26-9acb6a497135,dc012c0b-7c9f-406b-93e5-ede63ba010e3
40badc6f-03ae-4e9c-b68d-85786ed45cac,c9dd6f7e-078e-46df-969e-1e5efb4ecc09
d2a98cd9-c78c-4168-a23b-7fb8ba48da7a,81f48433-23d8-400f-af76-6c8483a8b922
da248f32-af75-4bff-ade0-d11062e0ceda,0658e67d-25ca-4abc-9e0f-71bd1909baf7
3fa2c950-84d4-4c6c-a63c-23d6661c0ab5,8ace06d4-ff2e-40b1-9704-9e5560112840
c215ec8f-d008-4450-a800-74a61fecc946,45dccfbf-0629-40e8-a5e4-a39445ef48da
d64852dd-80a1-4c47-9124-06cb9ab2fdfb,4f683852-69e7-43cd-95b0-d45d2dabd57b
d7f038f2-5c30-4297-bd2c-8aa2461aff19,5a99961c-3658-42fd-85dd-935dca595741
9d5b53e7-1ea9-4020-8fbb-c3c5e8d70896,561d2014-191b-4825-baf1-f7d77d90516c
9957a452-9a4f-4d7e-bcdf-d1b42e819a6f,5b0f228c-cba2-4735-a7a6-ec2f6935efcd
e27fb698-44a1-4f73-a289-890a1c181b67,0f8e29e0-d1cc-4b1d-b577-350395ac33e9
c40c1faf-28ac-461d-9c7e-63b670896e46,4063c1fd-cd7d-46ad-a4d5-256fd90ceb66
271ffab6-aa40-465c-8e23-93203f11a771,a3dd4b94-0d3a-4201-9d2c-d00c10658d4c
074f1184-a575-4f77-829a-8caf1221e369,62be59a4-ff56-4a20-ae0d-68f48c9c629b
6a79a0cc-9b9c-402f-be69-8c2f8c4958fe,1ad400e8-efcd-4fc0-9c97-22bfe226b3cf
984c0528-6e5c-4598-b299-30f82fa19953,85cab5ee-3a36-4a48-88e9-039055668830
7189af92-6bfa-44a9-9205-f8f3afbcc5b2,2e4eae8b-04be-41be-aad5-fd237eae9fd9
d86e560c-77a8-4a7b-b351-f150fff1a1b8,5b64ef55-d61c-4f3c-a4a2-89dd87ef91cf
703e631c-e784-4412-a641-ef16e98e4118,2b3f36da-f2bf-41a5-87e5-0510683045d3
c3d24813-1cb3-44dc-90d5-5bb8604e422f,187c4176-0c50-42bc-8ed5-b974d2f9ae24
461360ec-6acf-489a-8742-1eb00b7c7082,8f47b758-41c3-4891-84e5-97dc41595f95
608dc056-787f-4b3a-96d6-46fb9a8a586f,40991a12-a6cd-47de-8c61-91681adc6565
d024f95d-b908-430b-b43e-03a51293b449,c907d85e-3c09-48eb-99f1-a6ddb403b9d9
db911df9-35d1-41aa-a160-d44fd49046ca,8a92daf0-ab0e-41e7-961e-3e3af422fcd7
c7cd65b7-a085-4381-90aa-c891e0baf2d9,bbffa46c-0696-45f8-bf4d-81ba8010c3e4
d7ea03c8-ca4e-4580-941a-7cb3759f33e9,f73e5019-cdcf-470f-8363-48bc699720ac
ac2bb7b2-4aa0-4ece-882a-63f7a23b908c,c24060a6-4ec7-463f-912f-add72f0e169a
68d4c6a5-3ec6-49bb-af6e-85323a11e054,52334f84-c803-4d03-9236-cf27bcd945f4
b8588401-03d7-4fef-a8ff-f366526d69b9,f26103d1-2dd6-452e-bc56-d23df85411ee
b09a9e0e-172d-4a20-af4e-6e65b5a688b9,8d802696-ed8c-4b04-8f70-02c4be78089b
d91c40ee-6ea7-403f-99e2-a607adf1277c,9d08674e-340c-42d2-abc5-0ff4a9fed6a5
6bbd3533-6e65-4639-9f17-026ec59c1ef0,5022aeee-8eae-44d4-ab08-e09361beb301
1dd1b471-a727-4193-8707-781db70bc891,93192182-0d73-4848-a2fc-cb2fac47e72e
5e321f68-3742-46b9-8544-fcb7b8711d73,eb413216-06c8-40e6-b385-63e3d994a6d1
810303a7-b2d9-45d4-88e1-aa02cc95e2ad,44e4528e-6370-4961-a4d3-b59da14f500a
2b4bd1ee-b428-43cc-baa3-448b9adbd252,69fe8b23-2486-49b5-bc03-19e7e86a4ef7
c714c9a1-df96-4e74-999c-391eb2340754,0d7fec0f-fc5a-4af4-88a1-2e41c658f909
49d7c903-44c6-497d-bc7a-e736e3541a0b,2c784802-9f4a-40df-ad0b-e6445bcaf812
52a42b0f-085a-4d54-a740-0de3ef2c94f5,551c8a77-7587-4ee2-8856-e9cea353ef25
141493f3-0597-4e0a-8f22-887664bb6ec6,2e053ad9-fb7d-4c65-aba4-1b6632934be4
e292fb45-e227-4912-8be0-44e470345a06,692833e8-3168-4468-944b-50673e388f54
6a742f59-518b-4d12-b457-587361f1a33c,d95f9f24-a954-4925-82ff-f5adeaf41db9
bc7ea6a7-6f1e-43b5-83df-da9391668dbe,4d6b2806-6a1a-4e37-8c46-2fb41bc0d18e
461360ec-6acf-489a-8742-1eb00b7c7082,54532ae8-1344-4a51-9290-8799ab86a3f5
4007078c-c7a3-4969-bb88-d7f01e9c50f7,1a100bc3-4ce5-4f53-bde0-2d595abcd021
fd1c5c76-b031-4221-857a-2b55ea5a20e5,d8a5977a-c328-4e41-b86e-14765fb3522c
f62f6776-803b-42ad-bf0c-73725bf9ddd9,84af6b0c-5a45-4716-a214-da3ef21f1150
966a44a3-2e79-4b85-9bff-02593c01aaa2,454729f6-4731-42c0-8d08-cc5c5db1c03d
5b3e3fd8-677c-4c21-8654-6f181c90c81e,cb66175e-1b9d-461f-8746-58319948f296
5d812e14-d817-4f57-bad9-81e3b2b4bd45,1f886a05-405c-49e5-b660-dfa54b28f82f
36cb009e-13b4-4e54-92ba-f8553d27517d,6521e9a5-39c7-40f9-a8a2-5e26b5382f06
1dd1b471-a727-4193-8707-781db70bc891,47c8126c-0bac-4845-b5eb-ec5821033fa0
89e39e7d-c1e0-467c-80a4-9110d5fe5f77,c37406f0-3d69-4267-8d8d-2d5569c62c38
0868a535-57c0-4b94-839f-f8618ba3062d,20aeec9a-c20a-48ad-8f2e-dea3f05b8315
0868a535-57c0-4b94-839f-f8618ba3062d,20aeec9a-c20a-48ad-8f2e-dea3f05b8315
a0e08d2b-fded-45d4-a5e5-e879ba508119,54e42dfd-e6d4-49f4-a028-f3a0d48e0f1d
5d736955-178b-4d8a-98f6-f87ba0e13e4c,425a8de0-f47e-4aa6-988e-7e72ff329346
747c3d58-0552-4ec7-8d25-6e83a3c07393,776609a2-7d03-42f4-8944-0466add79aa1
776609a2-7d03-42f4-8944-0466add79aa1,ff2abd20-e078-4c31-a1f8-0397425214cc
88cc53c6-a412-4883-bd84-4c36fc276868,c184a2e8-0a99-4a4f-8563-ae21b80760d7
174e4744-5715-4379-abcb-ecbffe9e22e5,c907d85e-3c09-48eb-99f1-a6ddb403b9d9
cc2f13b8-cf3b-463b-94d8-319b7f2ceae5,7da17286-19da-43fe-ad80-89b7ea8419e9
161476c3-65aa-41fc-a7bc-0e5b29f94759,230b5898-a6a3-4ce5-ac3c-720af06ea1ed
799e728f-8cc4-42a9-be37-cfd18822e2be,1c748490-4940-4c74-ab59-1a3117e5370f
b974c49a-fadd-4158-a68c-13742cf0981b,b5955120-afa0-4a35-bb0d-5b4209cee7c6
0edf1c74-07f1-4582-84e3-e44cff1286d8,0406ef33-7557-4d70-b016-f3a7ceb7b2c0
81d0aadd-1230-43a4-8310-d1259af436ea,b6ea7df9-6570-4d6b-9a3a-8668beb4f270
3ca3146d-d66d-48f2-950c-6ff2c0e8929e,d6d5d3d0-1846-4251-9a26-9acb6a497135
a6b48a89-d1f5-4405-8436-900442bed7bc,c16e128d-5f01-4803-235869b2f-b9ed306aec85
5f4606e3-08d1-4d36-b986-80354f641e1f,b2d25157-0077-41a7-b560-5edb4c14cbd1
5358dc47-4baf-4dad-b4e6-e956ba212cc0,eced5e63-400d-4c14-b71f-e4bd8f360120
3724d3d8-fc84-4391-9ceb-200ba4392d72,512954c4-80df-4099-9da1-2c20f18a4c9c
a5cb9d8d-3d0c-4465-98bb-d85eb99d4bc9,d0891c7c-a075-43ee-9ecc-38bc575d0b6e
a5cb9d8d-3d0c-4465-98bb-d85eb99d4bc9,0275f7ed-1bd6-43db-9b87-7b45a03dad29
916cfadf-d86b-4016-a31c-6a6c5599a717,4fc5299c-1d27-46a8-990e-3161584fe75d
a501a55a-e7f5-468e-ac1e-fd3d98ae37aa,185a49e4-5a0c-48b9-a32b-d68e9d6a2a18
a501a55a-e7f5-468e-ac1e-fd3d98ae37aa,185a49e4-5a0c-48b9-a32b-d68e9d6a2a18
a501a55a-e7f5-468e-ac1e-fd3d98ae37aa,1b9cead7-8543-4316-804f-449902d8355d
45506402-455e-437a-a20c-ad8e5602ac76,bb24471a-d025-43ac-bab5-3c1adab50c49
232b7f6f-0a09-475f-8444-4261c2c8581e,c40c1faf-28ac-461d-9c7e-63b670896e46
fde11a68-0315-4b88-b4e5-cc7941db332b,512954c4-80df-4099-9da1-2c20f18a4c9c
d86e560c-77a8-4a7b-b351-f150fff1a1b8,b09a9e0e-172d-4a20-af4e-6e65b5a688b9
a238519b-9621-46d8-8a20-4def3839a5d9,538753ba-ad6d-451b-a054-b9cf5eae49c7
d005dd16-ecb2-4bb8-912e-b75e42693bab,c92e76d1-ee0d-4a89-bc6d-8e76e9c32853
350d53ab-2030-4dc4-ac2e-31e1752cb3f9,42e7fa36-df9d-4624-b0a6-14e46edc59ab
cfccd4e6-04fd-4f2e-a023-bb33ece5e91d,a41df612-32f0-489e-84a9-c83c7a9e18a0
6e3269c4-cd4d-4993-8d2d-54b5076fa5a3,9c9571c6-e719-419d-afb8-0f237624c6ea
3df8ccaf-b7e3-4def-ad89-3ae5958672a6,b353acd6-a02a-4df3-9e06-cddd05a17b40
984c0528-6e5c-4598-b299-30f82fa19953,02a31175-55e8-4996-9e2e-162f04f4a678
98a2e967-4ade-4833-a222-440dd8f88248,a4c27bf8-2cc3-40a5-8821-1bfd6c4f9183
8963bdc4-f19a-482e-a019-9b6f2274c283,787bd756-b892-4f22-afe7-744a1f58e2c7
0fc9c6a4-9ead-4e55-b52a-93895d65d864,0807ec80-6fbe-4437-950c-3e8a6bd6ee27
2304a8b3-f000-4c03-abf6-ccd27b5cdd49,e2f3300b-e82c-4b8c-b501-355ef9eef198
840bcd80-9565-45f0-b679-4d728c0aae5e,17a287d5-57f2-4464-be58-bdea9f68e6de
b4ca8574-5eb3-49f0-ba03-687439047c63,889bc9bf-233e-42bc-8468-8d06f6386be8
0e0e159a-a5d5-4136-8dc8-62be6ab8cd97,9f6d1400-876e-4719-95a7-af2c940296d0
ba78ee7f-33dc-4d8b-a38b-b3563c7dac11,da10efc3-79ca-4fd5-bb97-7be132732443
46c6c901-0b9d-489e-8054-3a69e5c107db,96bdb25e-f3ad-4637-b634-de7565a6f959
571c219f-3426-4d86-907e-6eab4966bc3e,3864a0ff-4d47-41e1-9bf1-d6d968ff04ea
f157a452-532b-4569-824e-245aaf35928e,81030c89-2a15-4a9f-b36b-2c00764c6c66
21035cde-987f-4b37-80d7-6f7bf679109e,4eef4884-5bfc-49fa-b294-a2128704f69b
286ee3cc-ebc8-46f0-bb9f-afe1dc905d07,0347f6cc-de39-40a1-9cdd-88e934edb40b
e9cf3c30-afc2-40ed-b79e-b138ec6f16c2,7c99f697-9ecb-4bfb-95de-533b5266198c
